2025/11/25 01:23:34 Entered AppendTCPInfo()
2025/11/25 01:23:34 ---append JSON to Redis DB: 1.375 ms
2025/11/25 01:23:34 ---trim Redis DB: 0.098 ms
2025/11/25 01:23:34 ---set expiration of list: 0.111 ms
2025/11/25 01:23:34 Entered AppendTCPInfo()
2025/11/25 01:23:34 Entered AppendTCPInfo()
2025/11/25 01:23:34 ---append JSON to Redis DB: 0.480 ms
2025/11/25 01:23:34 ---trim Redis DB: 0.085 ms
2025/11/25 01:23:34 ---set expiration of list: 0.087 ms
2025/11/25 01:23:34 Entered AppendTCPInfo()
2025/11/25 01:23:34 ---append JSON to Redis DB: 0.112 ms
2025/11/25 01:23:34 ---trim Redis DB: 0.081 ms
2025/11/25 01:23:34 ---set expiration of list: 0.097 ms
2025/11/25 01:23:34 Entered AppendTCPInfo()
2025/11/25 01:23:34 ---append JSON to Redis DB: 0.082 ms
2025/11/25 01:23:34 ---trim Redis DB: 0.075 ms
2025/11/25 01:23:34 ---set expiration of list: 0.075 ms
2025/11/25 01:23:34 Entered AppendTCPInfo()
2025/11/25 01:23:34 ---append JSON to Redis DB: 0.080 ms
2025/11/25 01:23:34 ---trim Redis DB: 0.074 ms
2025/11/25 01:23:34 ---set expiration of list: 0.066 ms
2025/11/25 01:23:34 Entered AppendTCPInfo()
2025/11/25 01:23:34 ---append JSON to Redis DB: 0.066 ms
2025/11/25 01:23:34 ---trim Redis DB: 0.057 ms
2025/11/25 01:23:34 ---set expiration of list: 0.060 ms
2025/11/25 01:23:34 Entered AppendTCPInfo()
2025/11/25 01:23:34 ---append JSON to Redis DB: 0.459 ms
2025/11/25 01:23:34 ---trim Redis DB: 0.089 ms
2025/11/25 01:23:34 ---set expiration of list: 0.087 ms
2025/11/25 01:23:34 Entered AppendTCPInfo()
2025/11/25 01:23:34 ---append JSON to Redis DB: 0.088 ms
2025/11/25 01:23:34 ---trim Redis DB: 0.075 ms
2025/11/25 01:23:34 ---set expiration of list: 0.074 ms
2025/11/25 01:23:34 Entered AppendTCPInfo()
2025/11/25 01:23:34 ---append JSON to Redis DB: 0.076 ms
2025/11/25 01:23:34 ---trim Redis DB: 0.074 ms
2025/11/25 01:23:34 ---set expiration of list: 0.070 ms
2025/11/25 01:23:34 Entered AppendTCPInfo()
2025/11/25 01:23:34 ---append JSON to Redis DB: 0.411 ms
2025/11/25 01:23:34 ---trim Redis DB: 0.076 ms
2025/11/25 01:23:34 ---set expiration of list: 0.067 ms
2025/11/25 01:23:34 Entered AppendTCPInfo()
2025/11/25 01:23:34 ---append JSON to Redis DB: 0.045 ms
2025/11/25 01:23:34 ---trim Redis DB: 0.046 ms
2025/11/25 01:23:34 ---set expiration of list: 0.043 ms
2025/11/25 01:23:34 Entered AppendTCPInfo()
2025/11/25 01:23:34 ---append JSON to Redis DB: 0.043 ms
2025/11/25 01:23:34 ---trim Redis DB: 0.043 ms
2025/11/25 01:23:34 ---set expiration of list: 0.042 ms
2025/11/25 01:23:34 Entered AppendTCPInfo()
2025/11/25 01:23:34 ---append JSON to Redis DB: 0.044 ms
2025/11/25 01:23:34 ---trim Redis DB: 0.042 ms
2025/11/25 01:23:34 ---set expiration of list: 0.042 ms
2025/11/25 01:23:34 Entered AppendTCPInfo()
2025/11/25 01:23:34 ---append JSON to Redis DB: 0.043 ms
2025/11/25 01:23:34 ---trim Redis DB: 0.043 ms
2025/11/25 01:23:34 ---set expiration of list: 0.041 ms
2025/11/25 01:23:34 Entered AppendTCPInfo()
2025/11/25 01:23:34 ---append JSON to Redis DB: 0.045 ms
2025/11/25 01:23:34 ---trim Redis DB: 0.041 ms
2025/11/25 01:23:34 ---set expiration of list: 0.057 ms
2025/11/25 01:23:34 Entered AppendTCPInfo()
2025/11/25 01:23:34 ---append JSON to Redis DB: 0.075 ms
2025/11/25 01:23:34 ---trim Redis DB: 0.063 ms
2025/11/25 01:23:34 ---set expiration of list: 0.053 ms
2025/11/25 01:23:34 Entered AppendTCPInfo()
2025/11/25 01:23:34 ---append JSON to Redis DB: 0.065 ms
2025/11/25 01:23:34 ---trim Redis DB: 0.052 ms
2025/11/25 01:23:34 ---set expiration of list: 0.051 ms
2025/11/25 01:23:34 Entered AppendTCPInfo()
2025/11/25 01:23:34 ---append JSON to Redis DB: 0.064 ms
2025/11/25 01:23:34 ---trim Redis DB: 0.053 ms
2025/11/25 01:23:34 ---set expiration of list: 0.062 ms
2025/11/25 01:23:34 Entered AppendTCPInfo()
2025/11/25 01:23:34 ---append JSON to Redis DB: 0.064 ms
2025/11/25 01:23:34 ---trim Redis DB: 0.053 ms
2025/11/25 01:23:34 ---set expiration of list: 0.067 ms
2025/11/25 01:23:34 Entered AppendTCPInfo()
2025/11/25 01:23:34 ---append JSON to Redis DB: 0.067 ms
2025/11/25 01:23:34 ---trim Redis DB: 0.055 ms
2025/11/25 01:23:34 ---set expiration of list: 0.057 ms
2025/11/25 01:23:34 Entered AppendTCPInfo()
2025/11/25 01:23:34 ---append JSON to Redis DB: 0.067 ms
2025/11/25 01:23:34 ---trim Redis DB: 0.055 ms
2025/11/25 01:23:34 ---set expiration of list: 0.065 ms
2025/11/25 01:23:34 Entered AppendTCPInfo()
2025/11/25 01:23:34 ---append JSON to Redis DB: 0.068 ms
2025/11/25 01:23:34 ---trim Redis DB: 0.070 ms
2025/11/25 01:23:34 ---set expiration of list: 0.055 ms
2025/11/25 01:23:34 Entered AppendTCPInfo()
2025/11/25 01:23:34 ---append JSON to Redis DB: 0.064 ms
2025/11/25 01:23:34 ---trim Redis DB: 0.058 ms
2025/11/25 01:23:34 ---set expiration of list: 0.067 ms
2025/11/25 01:23:34 Entered AppendTCPInfo()
2025/11/25 01:23:34 ---append JSON to Redis DB: 0.065 ms
2025/11/25 01:23:34 ---trim Redis DB: 0.060 ms
2025/11/25 01:23:34 ---set expiration of list: 0.058 ms
2025/11/25 01:23:34 Entered AppendTCPInfo()
2025/11/25 01:23:34 ---append JSON to Redis DB: 0.065 ms
2025/11/25 01:23:34 ---trim Redis DB: 0.052 ms
2025/11/25 01:23:34 ---set expiration of list: 0.051 ms
2025/11/25 01:23:34 Entered AppendTCPInfo()
2025/11/25 01:23:34 ---append JSON to Redis DB: 0.064 ms
2025/11/25 01:23:34 ---trim Redis DB: 0.061 ms
2025/11/25 01:23:34 ---set expiration of list: 0.052 ms
2025/11/25 01:23:34 Entered AppendTCPInfo()
2025/11/25 01:23:34 ---append JSON to Redis DB: 0.065 ms
2025/11/25 01:23:34 ---trim Redis DB: 0.054 ms
2025/11/25 01:23:34 ---set expiration of list: 0.051 ms
2025/11/25 01:23:34 Entered AppendTCPInfo()
2025/11/25 01:23:34 ---append JSON to Redis DB: 0.063 ms
2025/11/25 01:23:34 ---trim Redis DB: 0.053 ms
2025/11/25 01:23:34 ---set expiration of list: 0.058 ms
2025/11/25 01:23:34 Entered AppendTCPInfo()
2025/11/25 01:23:34 ---append JSON to Redis DB: 0.064 ms
2025/11/25 01:23:34 ---trim Redis DB: 0.053 ms
2025/11/25 01:23:34 ---set expiration of list: 0.059 ms
2025/11/25 01:23:34 Entered AppendTCPInfo()
2025/11/25 01:23:34 ---append JSON to Redis DB: 0.066 ms
2025/11/25 01:23:34 ---trim Redis DB: 0.052 ms
2025/11/25 01:23:34 ---set expiration of list: 0.049 ms
2025/11/25 01:23:34 Entered AppendTCPInfo()
2025/11/25 01:23:34 ---append JSON to Redis DB: 0.064 ms
2025/11/25 01:23:34 ---trim Redis DB: 0.064 ms
2025/11/25 01:23:34 ---set expiration of list: 0.062 ms
2025/11/25 01:23:34 Entered AppendTCPInfo()
2025/11/25 01:23:34 ---append JSON to Redis DB: 0.068 ms
2025/11/25 01:23:34 ---trim Redis DB: 0.065 ms
2025/11/25 01:23:34 ---set expiration of list: 0.065 ms
2025/11/25 01:23:34 Entered AppendTCPInfo()
2025/11/25 01:23:34 ---append JSON to Redis DB: 0.068 ms
2025/11/25 01:23:34 ---trim Redis DB: 0.056 ms
2025/11/25 01:23:34 ---set expiration of list: 0.067 ms
2025/11/25 01:23:34 Entered AppendTCPInfo()
2025/11/25 01:23:34 ---append JSON to Redis DB: 0.074 ms
2025/11/25 01:23:34 ---trim Redis DB: 0.053 ms
2025/11/25 01:23:34 ---set expiration of list: 0.049 ms
2025/11/25 01:23:34 Entered AppendTCPInfo()
2025/11/25 01:23:34 ---append JSON to Redis DB: 0.070 ms
2025/11/25 01:23:34 ---trim Redis DB: 0.054 ms
2025/11/25 01:23:34 ---set expiration of list: 0.053 ms
2025/11/25 01:23:34 Entered AppendTCPInfo()
2025/11/25 01:23:34 ---append JSON to Redis DB: 0.081 ms
2025/11/25 01:23:34 ---trim Redis DB: 0.071 ms
2025/11/25 01:23:34 ---set expiration of list: 0.065 ms
2025/11/25 01:23:34 Entered AppendTCPInfo()
2025/11/25 01:23:34 ---append JSON to Redis DB: 0.049 ms
2025/11/25 01:23:34 ---trim Redis DB: 0.037 ms
2025/11/25 01:23:34 ---set expiration of list: 0.036 ms
2025/11/25 01:23:34 Entered AppendTCPInfo()
2025/11/25 01:23:34 ---append JSON to Redis DB: 0.045 ms
2025/11/25 01:23:34 ---trim Redis DB: 0.040 ms
2025/11/25 01:23:34 ---set expiration of list: 0.043 ms
2025/11/25 01:23:34 Entered AppendTCPInfo()
2025/11/25 01:23:34 ---append JSON to Redis DB: 0.044 ms
2025/11/25 01:23:34 ---trim Redis DB: 0.041 ms
2025/11/25 01:23:34 ---set expiration of list: 0.037 ms
2025/11/25 01:23:34 Entered AppendTCPInfo()
2025/11/25 01:23:34 ---append JSON to Redis DB: 0.050 ms
2025/11/25 01:23:34 ---trim Redis DB: 0.046 ms
2025/11/25 01:23:34 ---set expiration of list: 0.059 ms
2025/11/25 01:23:34 Entered AppendTCPInfo()
2025/11/25 01:23:34 ---append JSON to Redis DB: 0.055 ms
2025/11/25 01:23:34 ---trim Redis DB: 0.050 ms
2025/11/25 01:23:34 ---set expiration of list: 0.045 ms
2025/11/25 01:23:34 Entered AppendTCPInfo()
2025/11/25 01:23:34 ---append JSON to Redis DB: 0.056 ms
2025/11/25 01:23:34 ---trim Redis DB: 0.050 ms
2025/11/25 01:23:34 ---set expiration of list: 0.050 ms
2025/11/25 01:23:34 Entered AppendTCPInfo()
2025/11/25 01:23:34 ---append JSON to Redis DB: 0.055 ms
2025/11/25 01:23:34 ---trim Redis DB: 0.042 ms
2025/11/25 01:23:34 ---set expiration of list: 0.048 ms
2025/11/25 01:23:34 Entered AppendTCPInfo()
2025/11/25 01:23:34 ---append JSON to Redis DB: 0.054 ms
2025/11/25 01:23:34 ---trim Redis DB: 0.056 ms
2025/11/25 01:23:34 ---set expiration of list: 0.051 ms
2025/11/25 01:23:34 Entered AppendTCPInfo()
2025/11/25 01:23:34 ---append JSON to Redis DB: 0.055 ms
2025/11/25 01:23:34 ---trim Redis DB: 0.045 ms
2025/11/25 01:23:34 ---set expiration of list: 0.044 ms
2025/11/25 01:23:34 Entered AppendTCPInfo()
2025/11/25 01:23:34 ---append JSON to Redis DB: 0.053 ms
2025/11/25 01:23:34 ---trim Redis DB: 0.057 ms
2025/11/25 01:23:34 ---set expiration of list: 0.058 ms
2025/11/25 01:23:34 Entered AppendTCPInfo()
2025/11/25 01:23:34 ---append JSON to Redis DB: 0.060 ms
2025/11/25 01:23:34 ---trim Redis DB: 0.046 ms
2025/11/25 01:23:34 ---set expiration of list: 0.048 ms
2025/11/25 01:23:34 Entered AppendTCPInfo()
2025/11/25 01:23:34 ---append JSON to Redis DB: 0.054 ms
2025/11/25 01:23:34 ---trim Redis DB: 0.046 ms
2025/11/25 01:23:34 ---set expiration of list: 0.050 ms
2025/11/25 01:23:34 Entered AppendTCPInfo()
2025/11/25 01:23:34 ---append JSON to Redis DB: 0.054 ms
2025/11/25 01:23:34 ---trim Redis DB: 0.057 ms
2025/11/25 01:23:34 ---set expiration of list: 0.052 ms
2025/11/25 01:23:34 Entered AppendTCPInfo()
2025/11/25 01:23:34 ---append JSON to Redis DB: 0.056 ms
2025/11/25 01:23:34 ---trim Redis DB: 0.047 ms
2025/11/25 01:23:34 ---set expiration of list: 0.045 ms
2025/11/25 01:23:34 Entered AppendTCPInfo()
2025/11/25 01:23:34 ---append JSON to Redis DB: 0.053 ms
2025/11/25 01:23:34 ---trim Redis DB: 0.057 ms
2025/11/25 01:23:34 ---set expiration of list: 0.047 ms
2025/11/25 01:23:34 Entered AppendTCPInfo()
2025/11/25 01:23:34 ---append JSON to Redis DB: 0.058 ms
2025/11/25 01:23:34 ---trim Redis DB: 0.051 ms
2025/11/25 01:23:34 ---set expiration of list: 0.049 ms
2025/11/25 01:23:34 Entered AppendTCPInfo()
2025/11/25 01:23:34 ---append JSON to Redis DB: 0.057 ms
2025/11/25 01:23:34 ---trim Redis DB: 0.043 ms
2025/11/25 01:23:34 ---set expiration of list: 0.042 ms
2025/11/25 01:23:34 Entered AppendTCPInfo()
2025/11/25 01:23:34 ---append JSON to Redis DB: 0.057 ms
2025/11/25 01:23:34 ---trim Redis DB: 0.047 ms
2025/11/25 01:23:34 ---set expiration of list: 0.043 ms
2025/11/25 01:23:34 Entered AppendTCPInfo()
2025/11/25 01:23:34 ---append JSON to Redis DB: 0.064 ms
2025/11/25 01:23:34 ---trim Redis DB: 0.051 ms
2025/11/25 01:23:34 ---set expiration of list: 0.043 ms
2025/11/25 01:23:34 Entered AppendTCPInfo()
2025/11/25 01:23:34 ---append JSON to Redis DB: 0.053 ms
2025/11/25 01:23:34 ---trim Redis DB: 0.044 ms
2025/11/25 01:23:34 ---set expiration of list: 0.049 ms
2025/11/25 01:23:34 Entered AppendTCPInfo()
2025/11/25 01:23:34 ---append JSON to Redis DB: 0.056 ms
2025/11/25 01:23:34 ---trim Redis DB: 0.057 ms
2025/11/25 01:23:34 ---set expiration of list: 0.050 ms
2025/11/25 01:23:34 Entered AppendTCPInfo()
2025/11/25 01:23:34 ---append JSON to Redis DB: 0.056 ms
2025/11/25 01:23:34 ---trim Redis DB: 0.048 ms
2025/11/25 01:23:34 ---set expiration of list: 0.039 ms
2025/11/25 01:23:34 Entered AppendTCPInfo()
2025/11/25 01:23:34 ---append JSON to Redis DB: 0.059 ms
2025/11/25 01:23:34 ---trim Redis DB: 0.041 ms
2025/11/25 01:23:34 ---set expiration of list: 0.050 ms
2025/11/25 01:23:34 Entered AppendTCPInfo()
2025/11/25 01:23:34 ---append JSON to Redis DB: 0.063 ms
2025/11/25 01:23:34 ---trim Redis DB: 0.046 ms
2025/11/25 01:23:34 ---set expiration of list: 0.040 ms
2025/11/25 01:23:34 Entered AppendTCPInfo()
2025/11/25 01:23:34 ---append JSON to Redis DB: 0.051 ms
2025/11/25 01:23:34 ---trim Redis DB: 0.042 ms
2025/11/25 01:23:34 ---set expiration of list: 0.044 ms
2025/11/25 01:23:34 Entered AppendTCPInfo()
2025/11/25 01:23:34 ---append JSON to Redis DB: 0.050 ms
2025/11/25 01:23:34 ---trim Redis DB: 0.041 ms
2025/11/25 01:23:34 ---set expiration of list: 0.038 ms
2025/11/25 01:23:34 Entered AppendTCPInfo()
2025/11/25 01:23:34 ---append JSON to Redis DB: 0.051 ms
2025/11/25 01:23:34 ---trim Redis DB: 0.047 ms
2025/11/25 01:23:34 ---set expiration of list: 0.050 ms
2025/11/25 01:23:34 Entered AppendTCPInfo()
2025/11/25 01:23:34 ---append JSON to Redis DB: 0.060 ms
2025/11/25 01:23:34 ---trim Redis DB: 0.046 ms
2025/11/25 01:23:34 ---set expiration of list: 0.036 ms
2025/11/25 01:23:34 Entered AppendTCPInfo()
2025/11/25 01:23:34 ---append JSON to Redis DB: 0.052 ms
2025/11/25 01:23:34 ---trim Redis DB: 0.039 ms
2025/11/25 01:23:34 ---set expiration of list: 0.042 ms
2025/11/25 01:23:34 Entered AppendTCPInfo()
2025/11/25 01:23:34 ---append JSON to Redis DB: 0.049 ms
2025/11/25 01:23:34 ---trim Redis DB: 0.041 ms
2025/11/25 01:23:34 ---set expiration of list: 0.037 ms
2025/11/25 01:23:34 Entered AppendTCPInfo()
2025/11/25 01:23:34 ---append JSON to Redis DB: 0.051 ms
2025/11/25 01:23:34 ---trim Redis DB: 0.040 ms
2025/11/25 01:23:34 ---set expiration of list: 0.040 ms
2025/11/25 01:23:34 Entered AppendTCPInfo()
2025/11/25 01:23:34 ---append JSON to Redis DB: 0.050 ms
2025/11/25 01:23:34 ---trim Redis DB: 0.047 ms
2025/11/25 01:23:34 ---set expiration of list: 0.043 ms
2025/11/25 01:23:34 Entered AppendTCPInfo()
2025/11/25 01:23:34 ---append JSON to Redis DB: 0.052 ms
2025/11/25 01:23:34 ---trim Redis DB: 0.039 ms
2025/11/25 01:23:34 ---set expiration of list: 0.038 ms
2025/11/25 01:23:34 Entered AppendTCPInfo()
2025/11/25 01:23:34 ---append JSON to Redis DB: 0.051 ms
2025/11/25 01:23:34 ---trim Redis DB: 0.039 ms
2025/11/25 01:23:34 ---set expiration of list: 0.038 ms
2025/11/25 01:23:34 Entered AppendTCPInfo()
2025/11/25 01:23:34 ---append JSON to Redis DB: 0.053 ms
2025/11/25 01:23:34 ---trim Redis DB: 0.039 ms
2025/11/25 01:23:34 ---set expiration of list: 0.044 ms
2025/11/25 01:23:34 Entered AppendTCPInfo()
2025/11/25 01:23:34 ---append JSON to Redis DB: 0.053 ms
2025/11/25 01:23:34 ---trim Redis DB: 0.041 ms
2025/11/25 01:23:34 ---set expiration of list: 0.048 ms
2025/11/25 01:23:34 Entered AppendTCPInfo()
2025/11/25 01:23:34 ---append JSON to Redis DB: 0.053 ms
2025/11/25 01:23:34 ---trim Redis DB: 0.035 ms
2025/11/25 01:23:34 ---set expiration of list: 0.038 ms
2025/11/25 01:23:34 Entered AppendTCPInfo()
2025/11/25 01:23:34 ---append JSON to Redis DB: 0.051 ms
2025/11/25 01:23:34 ---trim Redis DB: 0.039 ms
2025/11/25 01:23:34 ---set expiration of list: 0.041 ms
2025/11/25 01:23:34 Entered AppendTCPInfo()
2025/11/25 01:23:34 ---append JSON to Redis DB: 0.052 ms
2025/11/25 01:23:34 ---trim Redis DB: 0.039 ms
2025/11/25 01:23:34 ---set expiration of list: 0.043 ms
2025/11/25 01:23:34 Entered AppendTCPInfo()
2025/11/25 01:23:34 ---append JSON to Redis DB: 0.052 ms
2025/11/25 01:23:34 ---trim Redis DB: 0.039 ms
2025/11/25 01:23:34 ---set expiration of list: 0.052 ms
2025/11/25 01:23:34 Entered AppendTCPInfo()
2025/11/25 01:23:34 ---append JSON to Redis DB: 0.054 ms
2025/11/25 01:23:34 ---trim Redis DB: 0.045 ms
2025/11/25 01:23:34 ---set expiration of list: 0.041 ms
2025/11/25 01:23:34 Entered AppendTCPInfo()
2025/11/25 01:23:34 ---append JSON to Redis DB: 0.052 ms
2025/11/25 01:23:34 ---trim Redis DB: 0.038 ms
2025/11/25 01:23:34 ---set expiration of list: 0.037 ms
2025/11/25 01:23:34 Entered AppendTCPInfo()
2025/11/25 01:23:34 ---append JSON to Redis DB: 0.051 ms
2025/11/25 01:23:34 ---trim Redis DB: 0.034 ms
2025/11/25 01:23:34 ---set expiration of list: 0.046 ms
2025/11/25 01:23:34 Entered AppendTCPInfo()
2025/11/25 01:23:34 ---append JSON to Redis DB: 0.053 ms
2025/11/25 01:23:34 ---trim Redis DB: 0.040 ms
2025/11/25 01:23:34 ---set expiration of list: 0.050 ms
2025/11/25 01:23:34 Entered AppendTCPInfo()
2025/11/25 01:23:34 ---append JSON to Redis DB: 0.053 ms
2025/11/25 01:23:34 ---trim Redis DB: 0.041 ms
2025/11/25 01:23:34 ---set expiration of list: 0.050 ms
2025/11/25 01:23:34 Entered AppendTCPInfo()
2025/11/25 01:23:34 ---append JSON to Redis DB: 0.055 ms
2025/11/25 01:23:34 ---trim Redis DB: 0.044 ms
2025/11/25 01:23:34 ---set expiration of list: 0.037 ms
2025/11/25 01:23:34 Entered AppendTCPInfo()
2025/11/25 01:23:34 ---append JSON to Redis DB: 0.052 ms
2025/11/25 01:23:34 ---trim Redis DB: 0.038 ms
2025/11/25 01:23:34 ---set expiration of list: 0.040 ms
2025/11/25 01:23:34 Entered AppendTCPInfo()
2025/11/25 01:23:34 ---append JSON to Redis DB: 0.049 ms
2025/11/25 01:23:34 ---trim Redis DB: 0.041 ms
2025/11/25 01:23:34 ---set expiration of list: 0.037 ms
2025/11/25 01:23:34 Entered AppendTCPInfo()
2025/11/25 01:23:34 ---append JSON to Redis DB: 0.051 ms
2025/11/25 01:23:34 ---trim Redis DB: 0.067 ms
2025/11/25 01:23:34 ---set expiration of list: 0.039 ms
2025/11/25 01:23:34 Entered AppendTCPInfo()
2025/11/25 01:23:34 ---append JSON to Redis DB: 0.049 ms
2025/11/25 01:23:34 ---trim Redis DB: 0.049 ms
2025/11/25 01:23:34 ---set expiration of list: 0.045 ms
2025/11/25 01:23:34 Entered AppendTCPInfo()
2025/11/25 01:23:34 ---append JSON to Redis DB: 0.052 ms
2025/11/25 01:23:34 ---trim Redis DB: 0.034 ms
2025/11/25 01:23:34 ---set expiration of list: 0.032 ms
2025/11/25 01:23:34 Entered AppendTCPInfo()
2025/11/25 01:23:34 ---append JSON to Redis DB: 0.049 ms
2025/11/25 01:23:34 ---trim Redis DB: 0.033 ms
2025/11/25 01:23:34 ---set expiration of list: 0.041 ms
2025/11/25 01:23:34 Entered AppendTCPInfo()
2025/11/25 01:23:34 ---append JSON to Redis DB: 0.048 ms
2025/11/25 01:23:34 ---trim Redis DB: 0.036 ms
2025/11/25 01:23:34 ---set expiration of list: 0.038 ms
2025/11/25 01:23:34 Entered AppendTCPInfo()
2025/11/25 01:23:34 ---append JSON to Redis DB: 0.048 ms
2025/11/25 01:23:34 ---trim Redis DB: 0.040 ms
2025/11/25 01:23:34 ---set expiration of list: 0.034 ms
2025/11/25 01:23:34 Entered AppendTCPInfo()
2025/11/25 01:23:34 ---append JSON to Redis DB: 0.049 ms
2025/11/25 01:23:34 ---trim Redis DB: 0.043 ms
2025/11/25 01:23:34 ---set expiration of list: 0.037 ms
2025/11/25 01:23:34 Entered AppendTCPInfo()
2025/11/25 01:23:34 ---append JSON to Redis DB: 0.049 ms
2025/11/25 01:23:34 ---trim Redis DB: 0.038 ms
2025/11/25 01:23:34 ---set expiration of list: 0.043 ms
2025/11/25 01:23:34 Entered AppendTCPInfo()
2025/11/25 01:23:34 ---append JSON to Redis DB: 0.049 ms
2025/11/25 01:23:34 ---trim Redis DB: 0.037 ms
2025/11/25 01:23:34 ---set expiration of list: 0.040 ms
2025/11/25 01:23:34 Entered AppendTCPInfo()
2025/11/25 01:23:34 ---append JSON to Redis DB: 0.049 ms
2025/11/25 01:23:34 ---trim Redis DB: 0.038 ms
2025/11/25 01:23:34 ---set expiration of list: 0.030 ms
2025/11/25 01:23:34 Entered AppendTCPInfo()
2025/11/25 01:23:34 ---append JSON to Redis DB: 0.050 ms
2025/11/25 01:23:34 ---trim Redis DB: 0.040 ms
2025/11/25 01:23:34 ---set expiration of list: 0.050 ms
2025/11/25 01:23:34 Entered AppendTCPInfo()
2025/11/25 01:23:34 ---append JSON to Redis DB: 0.049 ms
2025/11/25 01:23:34 ---trim Redis DB: 0.040 ms
2025/11/25 01:23:34 ---set expiration of list: 0.046 ms
2025/11/25 01:23:34 Entered AppendTCPInfo()
2025/11/25 01:23:34 ---append JSON to Redis DB: 0.049 ms
2025/11/25 01:23:34 ---trim Redis DB: 0.038 ms
2025/11/25 01:23:34 ---set expiration of list: 0.037 ms
2025/11/25 01:23:34 Entered AppendTCPInfo()
2025/11/25 01:23:34 ---append JSON to Redis DB: 0.048 ms
2025/11/25 01:23:34 ---trim Redis DB: 0.038 ms
2025/11/25 01:23:34 ---set expiration of list: 0.038 ms
2025/11/25 01:23:34 Entered AppendTCPInfo()
2025/11/25 01:23:34 ---append JSON to Redis DB: 0.051 ms
2025/11/25 01:23:34 ---trim Redis DB: 0.034 ms
2025/11/25 01:23:34 ---set expiration of list: 0.035 ms
2025/11/25 01:23:34 Entered AppendTCPInfo()
2025/11/25 01:23:34 ---append JSON to Redis DB: 0.047 ms
2025/11/25 01:23:34 ---trim Redis DB: 0.042 ms
2025/11/25 01:23:34 ---set expiration of list: 0.050 ms
2025/11/25 01:23:34 Entered AppendTCPInfo()
2025/11/25 01:23:34 ---append JSON to Redis DB: 0.049 ms
2025/11/25 01:23:34 ---trim Redis DB: 0.042 ms
2025/11/25 01:23:34 ---set expiration of list: 0.040 ms
2025/11/25 01:23:34 Entered AppendTCPInfo()
2025/11/25 01:23:34 ---append JSON to Redis DB: 0.051 ms
2025/11/25 01:23:34 ---trim Redis DB: 0.039 ms
2025/11/25 01:23:34 ---set expiration of list: 0.042 ms
2025/11/25 01:23:34 Entered AppendTCPInfo()
2025/11/25 01:23:34 ---append JSON to Redis DB: 0.047 ms
2025/11/25 01:23:34 ---trim Redis DB: 0.036 ms
2025/11/25 01:23:34 ---set expiration of list: 0.048 ms
2025/11/25 01:23:34 Entered AppendTCPInfo()
2025/11/25 01:23:34 ---append JSON to Redis DB: 0.046 ms
2025/11/25 01:23:34 ---trim Redis DB: 0.045 ms
2025/11/25 01:23:34 ---set expiration of list: 0.040 ms
2025/11/25 01:23:34 Entered AppendTCPInfo()
2025/11/25 01:23:34 ---append JSON to Redis DB: 0.047 ms
2025/11/25 01:23:34 ---trim Redis DB: 0.049 ms
2025/11/25 01:23:34 ---set expiration of list: 0.042 ms
2025/11/25 01:23:34 Entered AppendTCPInfo()
2025/11/25 01:23:34 ---append JSON to Redis DB: 0.046 ms
2025/11/25 01:23:34 ---trim Redis DB: 0.037 ms
2025/11/25 01:23:34 ---set expiration of list: 0.038 ms
2025/11/25 01:23:34 Entered AppendTCPInfo()
2025/11/25 01:23:34 ---append JSON to Redis DB: 0.041 ms
2025/11/25 01:23:34 ---trim Redis DB: 0.042 ms
2025/11/25 01:23:34 ---set expiration of list: 0.049 ms
2025/11/25 01:23:34 Entered AppendTCPInfo()
2025/11/25 01:23:34 ---append JSON to Redis DB: 0.044 ms
2025/11/25 01:23:34 ---trim Redis DB: 0.042 ms
2025/11/25 01:23:34 ---set expiration of list: 0.031 ms
2025/11/25 01:23:34 Entered AppendTCPInfo()
2025/11/25 01:23:34 ---append JSON to Redis DB: 0.047 ms
2025/11/25 01:23:34 ---trim Redis DB: 0.042 ms
2025/11/25 01:23:34 ---set expiration of list: 0.036 ms
2025/11/25 01:23:34 Entered AppendTCPInfo()
2025/11/25 01:23:34 ---append JSON to Redis DB: 0.042 ms
2025/11/25 01:23:34 ---trim Redis DB: 0.045 ms
2025/11/25 01:23:34 ---set expiration of list: 0.040 ms
2025/11/25 01:23:34 Entered AppendTCPInfo()
2025/11/25 01:23:34 ---append JSON to Redis DB: 0.049 ms
2025/11/25 01:23:34 ---trim Redis DB: 0.043 ms
2025/11/25 01:23:34 ---set expiration of list: 0.037 ms
2025/11/25 01:23:34 Entered AppendTCPInfo()
2025/11/25 01:23:34 ---append JSON to Redis DB: 0.047 ms
2025/11/25 01:23:34 ---trim Redis DB: 0.039 ms
2025/11/25 01:23:34 ---set expiration of list: 0.035 ms
2025/11/25 01:23:34 Entered AppendTCPInfo()
2025/11/25 01:23:34 ---append JSON to Redis DB: 0.046 ms
2025/11/25 01:23:34 ---trim Redis DB: 0.038 ms
2025/11/25 01:23:34 ---set expiration of list: 0.042 ms
2025/11/25 01:23:34 Entered AppendTCPInfo()
2025/11/25 01:23:34 ---append JSON to Redis DB: 0.047 ms
2025/11/25 01:23:34 ---trim Redis DB: 0.043 ms
2025/11/25 01:23:34 ---set expiration of list: 0.043 ms
2025/11/25 01:23:34 Entered AppendTCPInfo()
2025/11/25 01:23:34 ---append JSON to Redis DB: 0.050 ms
2025/11/25 01:23:34 ---trim Redis DB: 0.040 ms
2025/11/25 01:23:34 ---set expiration of list: 0.035 ms
2025/11/25 01:23:34 Entered AppendTCPInfo()
2025/11/25 01:23:34 ---append JSON to Redis DB: 0.047 ms
2025/11/25 01:23:34 ---trim Redis DB: 0.036 ms
2025/11/25 01:23:34 ---set expiration of list: 0.037 ms
2025/11/25 01:23:34 Entered AppendTCPInfo()
2025/11/25 01:23:34 ---append JSON to Redis DB: 0.049 ms
2025/11/25 01:23:34 ---trim Redis DB: 0.038 ms
2025/11/25 01:23:34 ---set expiration of list: 0.042 ms
2025/11/25 01:23:34 Entered AppendTCPInfo()
2025/11/25 01:23:34 ---append JSON to Redis DB: 0.046 ms
2025/11/25 01:23:34 ---trim Redis DB: 0.038 ms
2025/11/25 01:23:34 ---set expiration of list: 0.042 ms
2025/11/25 01:23:34 Entered AppendTCPInfo()
2025/11/25 01:23:34 ---append JSON to Redis DB: 0.046 ms
2025/11/25 01:23:34 ---trim Redis DB: 0.027 ms
2025/11/25 01:23:34 ---set expiration of list: 0.033 ms
2025/11/25 01:23:34 Entered AppendTCPInfo()
2025/11/25 01:23:34 ---append JSON to Redis DB: 0.046 ms
2025/11/25 01:23:34 ---trim Redis DB: 0.043 ms
2025/11/25 01:23:34 ---set expiration of list: 0.039 ms
2025/11/25 01:23:34 Entered AppendTCPInfo()
2025/11/25 01:23:34 ---append JSON to Redis DB: 0.046 ms
2025/11/25 01:23:34 ---trim Redis DB: 0.048 ms
2025/11/25 01:23:34 ---set expiration of list: 0.036 ms
2025/11/25 01:23:34 Entered AppendTCPInfo()
2025/11/25 01:23:34 ---append JSON to Redis DB: 0.047 ms
2025/11/25 01:23:34 ---trim Redis DB: 0.036 ms
2025/11/25 01:23:34 ---set expiration of list: 0.033 ms
2025/11/25 01:23:34 Entered AppendTCPInfo()
2025/11/25 01:23:34 ---append JSON to Redis DB: 0.046 ms
2025/11/25 01:23:34 ---trim Redis DB: 0.038 ms
2025/11/25 01:23:34 ---set expiration of list: 0.039 ms
2025/11/25 01:23:34 Entered AppendTCPInfo()
2025/11/25 01:23:34 ---append JSON to Redis DB: 0.049 ms
2025/11/25 01:23:34 ---trim Redis DB: 0.039 ms
2025/11/25 01:23:34 ---set expiration of list: 0.043 ms
2025/11/25 01:23:34 Entered AppendTCPInfo()
2025/11/25 01:23:34 ---append JSON to Redis DB: 0.055 ms
2025/11/25 01:23:34 ---trim Redis DB: 0.046 ms
2025/11/25 01:23:34 ---set expiration of list: 0.048 ms
2025/11/25 01:23:34 Entered AppendTCPInfo()
2025/11/25 01:23:34 ---append JSON to Redis DB: 0.052 ms
2025/11/25 01:23:34 ---trim Redis DB: 0.038 ms
2025/11/25 01:23:34 ---set expiration of list: 0.045 ms
2025/11/25 01:23:34 Entered AppendTCPInfo()
2025/11/25 01:23:34 ---append JSON to Redis DB: 0.046 ms
2025/11/25 01:23:34 ---trim Redis DB: 0.037 ms
2025/11/25 01:23:34 ---set expiration of list: 0.040 ms
2025/11/25 01:23:34 Entered AppendTCPInfo()
2025/11/25 01:23:34 ---append JSON to Redis DB: 0.044 ms
2025/11/25 01:23:34 ---trim Redis DB: 0.043 ms
2025/11/25 01:23:34 ---set expiration of list: 0.043 ms
2025/11/25 01:23:34 Entered AppendTCPInfo()
2025/11/25 01:23:34 ---append JSON to Redis DB: 0.024 ms
2025/11/25 01:23:34 ---trim Redis DB: 0.020 ms
2025/11/25 01:23:34 ---set expiration of list: 0.022 ms
2025/11/25 01:23:34 Entered AppendTCPInfo()
2025/11/25 01:23:34 ---append JSON to Redis DB: 0.022 ms
2025/11/25 01:23:34 ---trim Redis DB: 0.021 ms
2025/11/25 01:23:34 ---set expiration of list: 0.019 ms
2025/11/25 01:23:34 Entered AppendTCPInfo()
2025/11/25 01:23:34 ---append JSON to Redis DB: 0.020 ms
2025/11/25 01:23:34 ---trim Redis DB: 0.021 ms
2025/11/25 01:23:34 ---set expiration of list: 0.024 ms
2025/11/25 01:23:34 Entered AppendTCPInfo()
2025/11/25 01:23:34 ---append JSON to Redis DB: 0.021 ms
2025/11/25 01:23:34 ---trim Redis DB: 0.024 ms
2025/11/25 01:23:34 ---set expiration of list: 0.022 ms
2025/11/25 01:23:34 Entered AppendTCPInfo()
2025/11/25 01:23:34 ---append JSON to Redis DB: 0.020 ms
2025/11/25 01:23:34 ---trim Redis DB: 0.021 ms
2025/11/25 01:23:34 ---set expiration of list: 0.021 ms
2025/11/25 01:23:34 Entered AppendTCPInfo()
2025/11/25 01:23:34 ---append JSON to Redis DB: 0.022 ms
2025/11/25 01:23:34 ---trim Redis DB: 0.019 ms
2025/11/25 01:23:34 ---set expiration of list: 0.019 ms
2025/11/25 01:23:34 Entered AppendTCPInfo()
2025/11/25 01:23:34 ---append JSON to Redis DB: 0.020 ms
2025/11/25 01:23:34 ---trim Redis DB: 0.019 ms
2025/11/25 01:23:34 ---set expiration of list: 0.020 ms
2025/11/25 01:23:34 Entered AppendTCPInfo()
2025/11/25 01:23:34 ---append JSON to Redis DB: 0.020 ms
2025/11/25 01:23:34 ---trim Redis DB: 0.020 ms
2025/11/25 01:23:34 ---set expiration of list: 0.020 ms
2025/11/25 01:23:34 Entered AppendTCPInfo()
2025/11/25 01:23:34 ---append JSON to Redis DB: 0.020 ms
2025/11/25 01:23:34 ---trim Redis DB: 0.020 ms
2025/11/25 01:23:34 ---set expiration of list: 0.021 ms
2025/11/25 01:23:34 Entered AppendTCPInfo()
2025/11/25 01:23:34 ---append JSON to Redis DB: 0.019 ms
2025/11/25 01:23:34 ---trim Redis DB: 0.020 ms
2025/11/25 01:23:34 ---set expiration of list: 0.020 ms
2025/11/25 01:23:34 Entered AppendTCPInfo()
2025/11/25 01:23:34 ---append JSON to Redis DB: 0.020 ms
2025/11/25 01:23:34 ---trim Redis DB: 0.022 ms
2025/11/25 01:23:34 ---set expiration of list: 0.020 ms
2025/11/25 01:23:34 Entered AppendTCPInfo()
2025/11/25 01:23:34 ---append JSON to Redis DB: 0.021 ms
2025/11/25 01:23:34 ---trim Redis DB: 0.020 ms
2025/11/25 01:23:34 ---set expiration of list: 0.020 ms
2025/11/25 01:23:34 Entered AppendTCPInfo()
2025/11/25 01:23:34 ---append JSON to Redis DB: 0.021 ms
2025/11/25 01:23:34 ---trim Redis DB: 0.020 ms
2025/11/25 01:23:34 ---set expiration of list: 0.019 ms
2025/11/25 01:23:34 Entered AppendTCPInfo()
2025/11/25 01:23:34 ---append JSON to Redis DB: 0.021 ms
2025/11/25 01:23:34 ---trim Redis DB: 0.020 ms
2025/11/25 01:23:34 ---set expiration of list: 0.021 ms
2025/11/25 01:23:34 Entered AppendTCPInfo()
2025/11/25 01:23:34 ---append JSON to Redis DB: 0.022 ms
2025/11/25 01:23:34 ---trim Redis DB: 0.022 ms
2025/11/25 01:23:34 ---set expiration of list: 0.019 ms
2025/11/25 01:23:34 Entered AppendTCPInfo()
2025/11/25 01:23:34 ---append JSON to Redis DB: 0.021 ms
2025/11/25 01:23:34 ---trim Redis DB: 0.021 ms
2025/11/25 01:23:34 ---set expiration of list: 0.020 ms
2025/11/25 01:23:34 Entered AppendTCPInfo()
2025/11/25 01:23:34 ---append JSON to Redis DB: 0.021 ms
2025/11/25 01:23:34 ---trim Redis DB: 0.021 ms
2025/11/25 01:23:34 ---set expiration of list: 0.021 ms
2025/11/25 01:23:34 Entered AppendTCPInfo()
2025/11/25 01:23:34 ---append JSON to Redis DB: 0.020 ms
2025/11/25 01:23:34 ---trim Redis DB: 0.019 ms
2025/11/25 01:23:34 ---set expiration of list: 0.019 ms
2025/11/25 01:23:34 Entered AppendTCPInfo()
2025/11/25 01:23:34 ---append JSON to Redis DB: 0.019 ms
2025/11/25 01:23:34 ---trim Redis DB: 0.019 ms
2025/11/25 01:23:34 ---set expiration of list: 0.020 ms
2025/11/25 01:23:34 Entered AppendTCPInfo()
2025/11/25 01:23:34 ---append JSON to Redis DB: 0.019 ms
2025/11/25 01:23:34 ---trim Redis DB: 0.019 ms
2025/11/25 01:23:34 ---set expiration of list: 0.019 ms
2025/11/25 01:23:34 Entered AppendTCPInfo()
2025/11/25 01:23:34 ---append JSON to Redis DB: 0.019 ms
2025/11/25 01:23:34 ---trim Redis DB: 0.021 ms
2025/11/25 01:23:34 ---set expiration of list: 0.021 ms
2025/11/25 01:23:34 Entered AppendTCPInfo()
2025/11/25 01:23:34 ---append JSON to Redis DB: 0.019 ms
2025/11/25 01:23:34 ---trim Redis DB: 0.020 ms
2025/11/25 01:23:34 ---set expiration of list: 0.019 ms
2025/11/25 01:23:34 Entered AppendTCPInfo()
2025/11/25 01:23:34 ---append JSON to Redis DB: 0.020 ms
2025/11/25 01:23:34 ---trim Redis DB: 0.021 ms
2025/11/25 01:23:34 ---set expiration of list: 0.019 ms
2025/11/25 01:23:34 Entered AppendTCPInfo()
2025/11/25 01:23:34 ---append JSON to Redis DB: 0.019 ms
2025/11/25 01:23:34 ---trim Redis DB: 0.019 ms
2025/11/25 01:23:34 ---set expiration of list: 0.019 ms
2025/11/25 01:23:34 Entered AppendTCPInfo()
2025/11/25 01:23:34 ---append JSON to Redis DB: 0.022 ms
2025/11/25 01:23:34 ---trim Redis DB: 0.019 ms
2025/11/25 01:23:34 ---set expiration of list: 0.019 ms
2025/11/25 01:23:34 Entered AppendTCPInfo()
2025/11/25 01:23:34 ---append JSON to Redis DB: 0.019 ms
2025/11/25 01:23:34 ---trim Redis DB: 0.019 ms
2025/11/25 01:23:34 ---set expiration of list: 0.021 ms
2025/11/25 01:23:34 Entered AppendTCPInfo()
2025/11/25 01:23:34 ---append JSON to Redis DB: 0.021 ms
2025/11/25 01:23:34 ---trim Redis DB: 0.021 ms
2025/11/25 01:23:34 ---set expiration of list: 0.021 ms
2025/11/25 01:23:34 Entered AppendTCPInfo()
2025/11/25 01:23:34 ---append JSON to Redis DB: 0.021 ms
2025/11/25 01:23:34 ---trim Redis DB: 0.018 ms
2025/11/25 01:23:34 ---set expiration of list: 0.018 ms
2025/11/25 01:23:34 Entered AppendTCPInfo()
2025/11/25 01:23:34 ---append JSON to Redis DB: 0.019 ms
2025/11/25 01:23:34 ---trim Redis DB: 0.019 ms
2025/11/25 01:23:34 ---set expiration of list: 0.019 ms
2025/11/25 01:23:34 Entered AppendTCPInfo()
2025/11/25 01:23:34 ---append JSON to Redis DB: 0.022 ms
2025/11/25 01:23:34 ---trim Redis DB: 0.019 ms
2025/11/25 01:23:34 ---set expiration of list: 0.020 ms
2025/11/25 01:23:34 Entered AppendTCPInfo()
2025/11/25 01:23:34 ---append JSON to Redis DB: 0.019 ms
2025/11/25 01:23:34 ---trim Redis DB: 0.019 ms
2025/11/25 01:23:34 ---set expiration of list: 0.018 ms
2025/11/25 01:23:34 Entered AppendTCPInfo()
2025/11/25 01:23:34 ---append JSON to Redis DB: 0.020 ms
2025/11/25 01:23:34 ---trim Redis DB: 0.020 ms
2025/11/25 01:23:34 ---set expiration of list: 0.019 ms
2025/11/25 01:23:34 Entered AppendTCPInfo()
2025/11/25 01:23:34 ---append JSON to Redis DB: 0.019 ms
2025/11/25 01:23:34 ---trim Redis DB: 0.020 ms
2025/11/25 01:23:34 ---set expiration of list: 0.020 ms
2025/11/25 01:23:34 Entered AppendTCPInfo()
2025/11/25 01:23:34 ---append JSON to Redis DB: 0.019 ms
2025/11/25 01:23:34 ---trim Redis DB: 0.019 ms
2025/11/25 01:23:34 ---set expiration of list: 0.019 ms
2025/11/25 01:23:34 Entered AppendTCPInfo()
2025/11/25 01:23:34 ---append JSON to Redis DB: 0.020 ms
2025/11/25 01:23:34 ---trim Redis DB: 0.020 ms
2025/11/25 01:23:34 ---set expiration of list: 0.018 ms
2025/11/25 01:23:34 Entered AppendTCPInfo()
2025/11/25 01:23:34 ---append JSON to Redis DB: 0.019 ms
2025/11/25 01:23:34 ---trim Redis DB: 0.019 ms
2025/11/25 01:23:34 ---set expiration of list: 0.020 ms
2025/11/25 01:23:34 Entered AppendTCPInfo()
2025/11/25 01:23:34 ---append JSON to Redis DB: 0.021 ms
2025/11/25 01:23:34 ---trim Redis DB: 0.024 ms
2025/11/25 01:23:34 ---set expiration of list: 0.020 ms
2025/11/25 01:23:34 Entered AppendTCPInfo()
2025/11/25 01:23:34 ---append JSON to Redis DB: 0.021 ms
2025/11/25 01:23:34 ---trim Redis DB: 0.021 ms
2025/11/25 01:23:34 ---set expiration of list: 0.020 ms
2025/11/25 01:23:34 Entered AppendTCPInfo()
2025/11/25 01:23:34 ---append JSON to Redis DB: 0.020 ms
2025/11/25 01:23:34 ---trim Redis DB: 0.021 ms
2025/11/25 01:23:34 ---set expiration of list: 0.019 ms
2025/11/25 01:23:34 Entered AppendTCPInfo()
2025/11/25 01:23:34 ---append JSON to Redis DB: 0.019 ms
2025/11/25 01:23:34 ---trim Redis DB: 0.020 ms
2025/11/25 01:23:34 ---set expiration of list: 0.019 ms
2025/11/25 01:23:34 Entered AppendTCPInfo()
2025/11/25 01:23:34 ---append JSON to Redis DB: 0.021 ms
2025/11/25 01:23:34 ---trim Redis DB: 0.020 ms
2025/11/25 01:23:34 ---set expiration of list: 0.023 ms
2025/11/25 01:23:34 Entered AppendTCPInfo()
2025/11/25 01:23:34 ---append JSON to Redis DB: 0.020 ms
2025/11/25 01:23:34 ---trim Redis DB: 0.019 ms
2025/11/25 01:23:34 ---set expiration of list: 0.019 ms
2025/11/25 01:23:34 Entered AppendTCPInfo()
2025/11/25 01:23:34 ---append JSON to Redis DB: 0.019 ms
2025/11/25 01:23:34 ---trim Redis DB: 0.020 ms
2025/11/25 01:23:34 ---set expiration of list: 0.020 ms
2025/11/25 01:23:34 Entered AppendTCPInfo()
2025/11/25 01:23:34 ---append JSON to Redis DB: 0.020 ms
2025/11/25 01:23:34 ---trim Redis DB: 0.020 ms
2025/11/25 01:23:34 ---set expiration of list: 0.018 ms
2025/11/25 01:23:34 Entered AppendTCPInfo()
2025/11/25 01:23:34 ---append JSON to Redis DB: 0.019 ms
2025/11/25 01:23:34 ---trim Redis DB: 0.019 ms
2025/11/25 01:23:34 ---set expiration of list: 0.019 ms
2025/11/25 01:23:34 Entered AppendTCPInfo()
2025/11/25 01:23:34 ---append JSON to Redis DB: 0.020 ms
2025/11/25 01:23:34 ---trim Redis DB: 0.019 ms
2025/11/25 01:23:34 ---set expiration of list: 0.020 ms
2025/11/25 01:23:34 Entered AppendTCPInfo()
2025/11/25 01:23:34 ---append JSON to Redis DB: 0.020 ms
2025/11/25 01:23:34 ---trim Redis DB: 0.020 ms
2025/11/25 01:23:34 ---set expiration of list: 0.019 ms
2025/11/25 01:23:34 Entered AppendTCPInfo()
2025/11/25 01:23:34 ---append JSON to Redis DB: 0.019 ms
2025/11/25 01:23:34 ---trim Redis DB: 0.020 ms
2025/11/25 01:23:34 ---set expiration of list: 0.019 ms
2025/11/25 01:23:34 Entered AppendTCPInfo()
2025/11/25 01:23:34 ---append JSON to Redis DB: 0.020 ms
2025/11/25 01:23:34 ---trim Redis DB: 0.019 ms
2025/11/25 01:23:34 ---set expiration of list: 0.019 ms
2025/11/25 01:23:34 Entered AppendTCPInfo()
2025/11/25 01:23:34 ---append JSON to Redis DB: 0.020 ms
2025/11/25 01:23:34 ---trim Redis DB: 0.019 ms
2025/11/25 01:23:34 ---set expiration of list: 0.019 ms
2025/11/25 01:23:34 Entered AppendTCPInfo()
2025/11/25 01:23:34 ---append JSON to Redis DB: 0.019 ms
2025/11/25 01:23:34 ---trim Redis DB: 0.022 ms
2025/11/25 01:23:34 ---set expiration of list: 0.019 ms
2025/11/25 01:23:34 Entered AppendTCPInfo()
2025/11/25 01:23:34 ---append JSON to Redis DB: 0.022 ms
2025/11/25 01:23:34 ---trim Redis DB: 0.019 ms
2025/11/25 01:23:34 ---set expiration of list: 0.018 ms
2025/11/25 01:23:34 Entered AppendTCPInfo()
2025/11/25 01:23:34 ---append JSON to Redis DB: 0.024 ms
2025/11/25 01:23:34 ---trim Redis DB: 0.022 ms
2025/11/25 01:23:34 ---set expiration of list: 0.020 ms
2025/11/25 01:23:34 Entered AppendTCPInfo()
2025/11/25 01:23:34 ---append JSON to Redis DB: 0.020 ms
2025/11/25 01:23:34 ---trim Redis DB: 0.019 ms
2025/11/25 01:23:34 ---set expiration of list: 0.020 ms
2025/11/25 01:23:34 Entered AppendTCPInfo()
2025/11/25 01:23:34 ---append JSON to Redis DB: 0.019 ms
2025/11/25 01:23:34 ---trim Redis DB: 0.019 ms
2025/11/25 01:23:34 ---set expiration of list: 0.018 ms
2025/11/25 01:23:34 Entered AppendTCPInfo()
2025/11/25 01:23:34 ---append JSON to Redis DB: 0.023 ms
2025/11/25 01:23:34 ---trim Redis DB: 0.019 ms
2025/11/25 01:23:34 ---set expiration of list: 0.018 ms
2025/11/25 01:23:34 Entered AppendTCPInfo()
2025/11/25 01:23:34 ---append JSON to Redis DB: 0.019 ms
2025/11/25 01:23:34 ---trim Redis DB: 0.020 ms
2025/11/25 01:23:34 ---set expiration of list: 0.020 ms
2025/11/25 01:23:34 Entered AppendTCPInfo()
2025/11/25 01:23:34 ---append JSON to Redis DB: 0.021 ms
2025/11/25 01:23:34 ---trim Redis DB: 0.019 ms
2025/11/25 01:23:34 ---set expiration of list: 0.020 ms
2025/11/25 01:23:34 Entered AppendTCPInfo()
2025/11/25 01:23:34 ---append JSON to Redis DB: 0.019 ms
2025/11/25 01:23:34 ---trim Redis DB: 0.022 ms
2025/11/25 01:23:34 ---set expiration of list: 0.027 ms
2025/11/25 01:23:34 Entered AppendTCPInfo()
2025/11/25 01:23:34 ---append JSON to Redis DB: 0.028 ms
2025/11/25 01:23:34 ---trim Redis DB: 0.023 ms
2025/11/25 01:23:34 ---set expiration of list: 0.025 ms
2025/11/25 01:23:34 Entered AppendTCPInfo()
2025/11/25 01:23:34 ---append JSON to Redis DB: 0.021 ms
2025/11/25 01:23:34 ---trim Redis DB: 0.020 ms
2025/11/25 01:23:34 ---set expiration of list: 0.021 ms
2025/11/25 01:23:34 Entered AppendTCPInfo()
2025/11/25 01:23:34 ---append JSON to Redis DB: 0.022 ms
2025/11/25 01:23:34 ---trim Redis DB: 0.020 ms
2025/11/25 01:23:34 ---set expiration of list: 0.019 ms
2025/11/25 01:23:34 Entered AppendTCPInfo()
2025/11/25 01:23:34 ---append JSON to Redis DB: 0.020 ms
2025/11/25 01:23:34 ---trim Redis DB: 0.021 ms
2025/11/25 01:23:34 ---set expiration of list: 0.020 ms
2025/11/25 01:23:34 Entered AppendTCPInfo()
2025/11/25 01:23:34 ---append JSON to Redis DB: 0.020 ms
2025/11/25 01:23:34 ---trim Redis DB: 0.020 ms
2025/11/25 01:23:34 ---set expiration of list: 0.019 ms
2025/11/25 01:23:34 Entered AppendTCPInfo()
2025/11/25 01:23:34 ---append JSON to Redis DB: 0.020 ms
2025/11/25 01:23:34 ---trim Redis DB: 0.020 ms
2025/11/25 01:23:34 ---set expiration of list: 0.021 ms
2025/11/25 01:23:34 Entered AppendTCPInfo()
2025/11/25 01:23:34 ---append JSON to Redis DB: 0.020 ms
2025/11/25 01:23:34 ---trim Redis DB: 0.021 ms
2025/11/25 01:23:34 ---set expiration of list: 0.020 ms
2025/11/25 01:23:34 Entered AppendTCPInfo()
2025/11/25 01:23:34 ---append JSON to Redis DB: 0.020 ms
2025/11/25 01:23:34 ---trim Redis DB: 0.020 ms
2025/11/25 01:23:34 ---set expiration of list: 0.019 ms
2025/11/25 01:23:34 Entered AppendTCPInfo()
2025/11/25 01:23:34 ---append JSON to Redis DB: 0.021 ms
2025/11/25 01:23:34 ---trim Redis DB: 0.020 ms
2025/11/25 01:23:34 ---set expiration of list: 0.019 ms
2025/11/25 01:23:34 Entered AppendTCPInfo()
2025/11/25 01:23:34 ---append JSON to Redis DB: 0.020 ms
2025/11/25 01:23:34 ---trim Redis DB: 0.025 ms
2025/11/25 01:23:34 ---set expiration of list: 0.020 ms
2025/11/25 01:23:34 Entered AppendTCPInfo()
2025/11/25 01:23:34 ---append JSON to Redis DB: 0.021 ms
2025/11/25 01:23:34 ---trim Redis DB: 0.020 ms
2025/11/25 01:23:34 ---set expiration of list: 0.020 ms
2025/11/25 01:23:34 Entered AppendTCPInfo()
2025/11/25 01:23:34 ---append JSON to Redis DB: 0.021 ms
2025/11/25 01:23:34 ---trim Redis DB: 0.020 ms
2025/11/25 01:23:34 ---set expiration of list: 0.022 ms
2025/11/25 01:23:34 Entered AppendTCPInfo()
2025/11/25 01:23:34 ---append JSON to Redis DB: 0.023 ms
2025/11/25 01:23:34 ---trim Redis DB: 0.028 ms
2025/11/25 01:23:34 ---set expiration of list: 0.022 ms
2025/11/25 01:23:34 Entered AppendTCPInfo()
2025/11/25 01:23:34 ---append JSON to Redis DB: 0.021 ms
2025/11/25 01:23:34 ---trim Redis DB: 0.025 ms
2025/11/25 01:23:34 ---set expiration of list: 0.021 ms
2025/11/25 01:23:34 Entered AppendTCPInfo()
2025/11/25 01:23:34 ---append JSON to Redis DB: 0.030 ms
2025/11/25 01:23:34 ---trim Redis DB: 0.026 ms
2025/11/25 01:23:34 ---set expiration of list: 0.023 ms
2025/11/25 01:23:34 Entered AppendTCPInfo()
2025/11/25 01:23:34 ---append JSON to Redis DB: 0.024 ms
2025/11/25 01:23:34 ---trim Redis DB: 0.021 ms
2025/11/25 01:23:34 ---set expiration of list: 0.020 ms
2025/11/25 01:23:34 Entered AppendTCPInfo()
2025/11/25 01:23:34 ---append JSON to Redis DB: 0.028 ms
2025/11/25 01:23:34 ---trim Redis DB: 0.021 ms
2025/11/25 01:23:34 ---set expiration of list: 0.024 ms
2025/11/25 01:23:34 Entered AppendTCPInfo()
2025/11/25 01:23:34 ---append JSON to Redis DB: 0.022 ms
2025/11/25 01:23:34 ---trim Redis DB: 0.023 ms
2025/11/25 01:23:34 ---set expiration of list: 0.028 ms
2025/11/25 01:23:34 Entered AppendTCPInfo()
2025/11/25 01:23:34 ---append JSON to Redis DB: 0.024 ms
2025/11/25 01:23:34 ---trim Redis DB: 0.021 ms
2025/11/25 01:23:34 ---set expiration of list: 0.021 ms
2025/11/25 01:23:34 Entered AppendTCPInfo()
2025/11/25 01:23:34 ---append JSON to Redis DB: 0.025 ms
2025/11/25 01:23:34 ---trim Redis DB: 0.022 ms
2025/11/25 01:23:34 ---set expiration of list: 0.021 ms
2025/11/25 01:23:34 Entered AppendTCPInfo()
2025/11/25 01:23:34 ---append JSON to Redis DB: 0.021 ms
2025/11/25 01:23:34 ---trim Redis DB: 0.025 ms
2025/11/25 01:23:34 ---set expiration of list: 0.021 ms
2025/11/25 01:23:34 Entered AppendTCPInfo()
2025/11/25 01:23:34 ---append JSON to Redis DB: 0.022 ms
2025/11/25 01:23:34 ---trim Redis DB: 0.019 ms
2025/11/25 01:23:34 ---set expiration of list: 0.020 ms
2025/11/25 01:23:34 Entered AppendTCPInfo()
2025/11/25 01:23:34 ---append JSON to Redis DB: 0.020 ms
2025/11/25 01:23:34 ---trim Redis DB: 0.020 ms
2025/11/25 01:23:34 ---set expiration of list: 0.021 ms
2025/11/25 01:23:34 Entered AppendTCPInfo()
2025/11/25 01:23:34 ---append JSON to Redis DB: 0.021 ms
2025/11/25 01:23:34 ---trim Redis DB: 0.022 ms
2025/11/25 01:23:34 ---set expiration of list: 0.020 ms
2025/11/25 01:23:34 Entered AppendTCPInfo()
2025/11/25 01:23:34 ---append JSON to Redis DB: 0.022 ms
2025/11/25 01:23:34 ---trim Redis DB: 0.021 ms
2025/11/25 01:23:34 ---set expiration of list: 0.020 ms
2025/11/25 01:23:34 Entered AppendTCPInfo()
2025/11/25 01:23:34 ---append JSON to Redis DB: 0.022 ms
2025/11/25 01:23:34 ---trim Redis DB: 0.024 ms
2025/11/25 01:23:34 ---set expiration of list: 0.020 ms
2025/11/25 01:23:34 Entered AppendTCPInfo()
2025/11/25 01:23:34 ---append JSON to Redis DB: 0.020 ms
2025/11/25 01:23:34 ---trim Redis DB: 0.021 ms
2025/11/25 01:23:34 ---set expiration of list: 0.020 ms
2025/11/25 01:23:34 Entered AppendTCPInfo()
2025/11/25 01:23:34 ---append JSON to Redis DB: 0.021 ms
2025/11/25 01:23:34 ---trim Redis DB: 0.020 ms
2025/11/25 01:23:34 ---set expiration of list: 0.019 ms
2025/11/25 01:23:34 Entered AppendTCPInfo()
2025/11/25 01:23:34 ---append JSON to Redis DB: 0.023 ms
2025/11/25 01:23:34 ---trim Redis DB: 0.021 ms
2025/11/25 01:23:34 ---set expiration of list: 0.020 ms
2025/11/25 01:23:34 Entered AppendTCPInfo()
2025/11/25 01:23:34 ---append JSON to Redis DB: 0.020 ms
2025/11/25 01:23:34 ---trim Redis DB: 0.021 ms
2025/11/25 01:23:34 ---set expiration of list: 0.019 ms
2025/11/25 01:23:34 Entered AppendTCPInfo()
2025/11/25 01:23:34 ---append JSON to Redis DB: 0.021 ms
2025/11/25 01:23:34 ---trim Redis DB: 0.021 ms
2025/11/25 01:23:34 ---set expiration of list: 0.021 ms
2025/11/25 01:23:34 Entered AppendTCPInfo()
2025/11/25 01:23:34 ---append JSON to Redis DB: 0.024 ms
2025/11/25 01:23:34 ---trim Redis DB: 0.026 ms
2025/11/25 01:23:34 ---set expiration of list: 0.027 ms
2025/11/25 01:23:34 Entered AppendTCPInfo()
2025/11/25 01:23:34 ---append JSON to Redis DB: 0.025 ms
2025/11/25 01:23:34 ---trim Redis DB: 0.022 ms
2025/11/25 01:23:34 ---set expiration of list: 0.029 ms
2025/11/25 01:23:34 Entered AppendTCPInfo()
2025/11/25 01:23:34 ---append JSON to Redis DB: 0.021 ms
2025/11/25 01:23:34 ---trim Redis DB: 0.029 ms
2025/11/25 01:23:34 ---set expiration of list: 0.022 ms
2025/11/25 01:23:34 Entered AppendTCPInfo()
2025/11/25 01:23:34 ---append JSON to Redis DB: 0.022 ms
2025/11/25 01:23:34 ---trim Redis DB: 0.020 ms
2025/11/25 01:23:34 ---set expiration of list: 0.020 ms
2025/11/25 01:23:34 Entered AppendTCPInfo()
2025/11/25 01:23:34 ---append JSON to Redis DB: 0.020 ms
2025/11/25 01:23:34 ---trim Redis DB: 0.020 ms
2025/11/25 01:23:34 ---set expiration of list: 0.019 ms
2025/11/25 01:23:34 Entered AppendTCPInfo()
2025/11/25 01:23:34 ---append JSON to Redis DB: 0.021 ms
2025/11/25 01:23:34 ---trim Redis DB: 0.021 ms
2025/11/25 01:23:34 ---set expiration of list: 0.024 ms
2025/11/25 01:23:34 Entered AppendTCPInfo()
2025/11/25 01:23:34 ---append JSON to Redis DB: 0.020 ms
2025/11/25 01:23:34 ---trim Redis DB: 0.020 ms
2025/11/25 01:23:34 ---set expiration of list: 0.020 ms
2025/11/25 01:23:34 Entered AppendTCPInfo()
2025/11/25 01:23:34 ---append JSON to Redis DB: 0.022 ms
2025/11/25 01:23:34 ---trim Redis DB: 0.020 ms
2025/11/25 01:23:34 ---set expiration of list: 0.022 ms
2025/11/25 01:23:34 Entered AppendTCPInfo()
2025/11/25 01:23:34 ---append JSON to Redis DB: 0.027 ms
2025/11/25 01:23:34 ---trim Redis DB: 0.023 ms
2025/11/25 01:23:34 ---set expiration of list: 0.024 ms
2025/11/25 01:23:34 Entered AppendTCPInfo()
2025/11/25 01:23:34 ---append JSON to Redis DB: 0.020 ms
2025/11/25 01:23:34 ---trim Redis DB: 0.023 ms
2025/11/25 01:23:34 ---set expiration of list: 0.019 ms
2025/11/25 01:23:34 Entered AppendTCPInfo()
2025/11/25 01:23:34 ---append JSON to Redis DB: 0.020 ms
2025/11/25 01:23:34 ---trim Redis DB: 0.019 ms
2025/11/25 01:23:34 ---set expiration of list: 0.020 ms
2025/11/25 01:23:34 Entered AppendTCPInfo()
2025/11/25 01:23:34 ---append JSON to Redis DB: 0.020 ms
2025/11/25 01:23:34 ---trim Redis DB: 0.020 ms
2025/11/25 01:23:34 ---set expiration of list: 0.023 ms
2025/11/25 01:23:34 Entered AppendTCPInfo()
2025/11/25 01:23:34 ---append JSON to Redis DB: 0.020 ms
2025/11/25 01:23:34 ---trim Redis DB: 0.021 ms
2025/11/25 01:23:34 ---set expiration of list: 0.020 ms
2025/11/25 01:23:34 Entered AppendTCPInfo()
2025/11/25 01:23:34 ---append JSON to Redis DB: 0.021 ms
2025/11/25 01:23:34 ---trim Redis DB: 0.021 ms
2025/11/25 01:23:34 ---set expiration of list: 0.021 ms
2025/11/25 01:23:34 Entered AppendTCPInfo()
2025/11/25 01:23:34 ---append JSON to Redis DB: 0.021 ms
2025/11/25 01:23:34 ---trim Redis DB: 0.021 ms
2025/11/25 01:23:34 ---set expiration of list: 0.021 ms
2025/11/25 01:23:34 Entered AppendTCPInfo()
2025/11/25 01:23:34 ---append JSON to Redis DB: 0.021 ms
2025/11/25 01:23:34 ---trim Redis DB: 0.021 ms
2025/11/25 01:23:34 ---set expiration of list: 0.020 ms
2025/11/25 01:23:34 Entered AppendTCPInfo()
2025/11/25 01:23:34 ---append JSON to Redis DB: 0.021 ms
2025/11/25 01:23:34 ---trim Redis DB: 0.020 ms
2025/11/25 01:23:34 ---set expiration of list: 0.020 ms
2025/11/25 01:23:34 Entered AppendTCPInfo()
2025/11/25 01:23:34 ---append JSON to Redis DB: 0.020 ms
2025/11/25 01:23:34 ---trim Redis DB: 0.020 ms
2025/11/25 01:23:34 ---set expiration of list: 0.021 ms
2025/11/25 01:23:34 Entered AppendTCPInfo()
2025/11/25 01:23:34 ---append JSON to Redis DB: 0.020 ms
2025/11/25 01:23:34 ---trim Redis DB: 0.022 ms
2025/11/25 01:23:34 ---set expiration of list: 0.022 ms
2025/11/25 01:23:34 Entered AppendTCPInfo()
2025/11/25 01:23:34 ---append JSON to Redis DB: 0.023 ms
2025/11/25 01:23:34 ---trim Redis DB: 0.028 ms
2025/11/25 01:23:34 ---set expiration of list: 0.021 ms
2025/11/25 01:23:34 Entered AppendTCPInfo()
2025/11/25 01:23:34 ---append JSON to Redis DB: 0.021 ms
2025/11/25 01:23:34 ---trim Redis DB: 0.020 ms
2025/11/25 01:23:34 ---set expiration of list: 0.020 ms
2025/11/25 01:23:34 Entered AppendTCPInfo()
2025/11/25 01:23:34 ---append JSON to Redis DB: 0.020 ms
2025/11/25 01:23:34 ---trim Redis DB: 0.020 ms
2025/11/25 01:23:34 ---set expiration of list: 0.021 ms
2025/11/25 01:23:34 Entered AppendTCPInfo()
2025/11/25 01:23:34 ---append JSON to Redis DB: 0.021 ms
2025/11/25 01:23:34 ---trim Redis DB: 0.021 ms
2025/11/25 01:23:34 ---set expiration of list: 0.022 ms
2025/11/25 01:23:34 Entered AppendTCPInfo()
2025/11/25 01:23:34 ---append JSON to Redis DB: 0.020 ms
2025/11/25 01:23:34 ---trim Redis DB: 0.021 ms
2025/11/25 01:23:34 ---set expiration of list: 0.020 ms
2025/11/25 01:23:34 Entered AppendTCPInfo()
2025/11/25 01:23:34 ---append JSON to Redis DB: 0.021 ms
2025/11/25 01:23:34 ---trim Redis DB: 0.021 ms
2025/11/25 01:23:34 ---set expiration of list: 0.023 ms
2025/11/25 01:23:34 Entered AppendTCPInfo()
2025/11/25 01:23:34 ---append JSON to Redis DB: 0.022 ms
2025/11/25 01:23:34 ---trim Redis DB: 0.021 ms
2025/11/25 01:23:34 ---set expiration of list: 0.021 ms
2025/11/25 01:23:34 Entered AppendTCPInfo()
2025/11/25 01:23:34 ---append JSON to Redis DB: 0.021 ms
2025/11/25 01:23:34 ---trim Redis DB: 0.022 ms
2025/11/25 01:23:34 ---set expiration of list: 0.021 ms
2025/11/25 01:23:34 Entered AppendTCPInfo()
2025/11/25 01:23:34 ---append JSON to Redis DB: 0.021 ms
2025/11/25 01:23:34 ---trim Redis DB: 0.020 ms
2025/11/25 01:23:34 ---set expiration of list: 0.019 ms
2025/11/25 01:23:34 Entered AppendTCPInfo()
2025/11/25 01:23:34 ---append JSON to Redis DB: 0.020 ms
2025/11/25 01:23:34 ---trim Redis DB: 0.020 ms
2025/11/25 01:23:34 ---set expiration of list: 0.020 ms
2025/11/25 01:23:34 Entered AppendTCPInfo()
2025/11/25 01:23:34 ---append JSON to Redis DB: 0.022 ms
2025/11/25 01:23:34 ---trim Redis DB: 0.021 ms
2025/11/25 01:23:34 ---set expiration of list: 0.019 ms
2025/11/25 01:23:34 Entered AppendTCPInfo()
2025/11/25 01:23:34 ---append JSON to Redis DB: 0.021 ms
2025/11/25 01:23:34 ---trim Redis DB: 0.024 ms
2025/11/25 01:23:34 ---set expiration of list: 0.021 ms
2025/11/25 01:23:34 Entered AppendTCPInfo()
2025/11/25 01:23:34 ---append JSON to Redis DB: 0.020 ms
2025/11/25 01:23:34 ---trim Redis DB: 0.021 ms
2025/11/25 01:23:34 ---set expiration of list: 0.020 ms
2025/11/25 01:23:34 Entered AppendTCPInfo()
2025/11/25 01:23:34 ---append JSON to Redis DB: 0.020 ms
2025/11/25 01:23:34 ---trim Redis DB: 0.021 ms
2025/11/25 01:23:34 ---set expiration of list: 0.020 ms
2025/11/25 01:23:34 Entered AppendTCPInfo()
2025/11/25 01:23:34 ---append JSON to Redis DB: 0.021 ms
2025/11/25 01:23:34 ---trim Redis DB: 0.021 ms
2025/11/25 01:23:34 ---set expiration of list: 0.020 ms
2025/11/25 01:23:34 Entered AppendTCPInfo()
2025/11/25 01:23:34 ---append JSON to Redis DB: 0.020 ms
2025/11/25 01:23:34 ---trim Redis DB: 0.021 ms
2025/11/25 01:23:34 ---set expiration of list: 0.020 ms
2025/11/25 01:23:34 Entered AppendTCPInfo()
2025/11/25 01:23:34 ---append JSON to Redis DB: 0.021 ms
2025/11/25 01:23:34 ---trim Redis DB: 0.020 ms
2025/11/25 01:23:34 ---set expiration of list: 0.023 ms
2025/11/25 01:23:34 Entered AppendTCPInfo()
2025/11/25 01:23:34 ---append JSON to Redis DB: 0.020 ms
2025/11/25 01:23:34 ---trim Redis DB: 0.023 ms
2025/11/25 01:23:34 ---set expiration of list: 0.021 ms
2025/11/25 01:23:34 Entered AppendTCPInfo()
2025/11/25 01:23:34 ---append JSON to Redis DB: 0.020 ms
2025/11/25 01:23:34 ---trim Redis DB: 0.020 ms
2025/11/25 01:23:34 ---set expiration of list: 0.021 ms
2025/11/25 01:23:34 Entered AppendTCPInfo()
2025/11/25 01:23:34 ---append JSON to Redis DB: 0.020 ms
2025/11/25 01:23:34 ---trim Redis DB: 0.018 ms
2025/11/25 01:23:34 ---set expiration of list: 0.018 ms
2025/11/25 01:23:34 Entered AppendTCPInfo()
2025/11/25 01:23:34 ---append JSON to Redis DB: 0.019 ms
2025/11/25 01:23:34 ---trim Redis DB: 0.020 ms
2025/11/25 01:23:34 ---set expiration of list: 0.019 ms
2025/11/25 01:23:34 Entered AppendTCPInfo()
2025/11/25 01:23:34 ---append JSON to Redis DB: 0.019 ms
2025/11/25 01:23:34 ---trim Redis DB: 0.021 ms
2025/11/25 01:23:34 ---set expiration of list: 0.021 ms
2025/11/25 01:23:34 Entered AppendTCPInfo()
2025/11/25 01:23:34 ---append JSON to Redis DB: 0.019 ms
2025/11/25 01:23:34 ---trim Redis DB: 0.019 ms
2025/11/25 01:23:34 ---set expiration of list: 0.018 ms
2025/11/25 01:23:34 Entered AppendTCPInfo()
2025/11/25 01:23:34 ---append JSON to Redis DB: 0.019 ms
2025/11/25 01:23:34 ---trim Redis DB: 0.020 ms
2025/11/25 01:23:34 ---set expiration of list: 0.020 ms
2025/11/25 01:23:34 Entered AppendTCPInfo()
2025/11/25 01:23:34 ---append JSON to Redis DB: 0.019 ms
2025/11/25 01:23:34 ---trim Redis DB: 0.019 ms
2025/11/25 01:23:34 ---set expiration of list: 0.019 ms
2025/11/25 01:23:34 Entered AppendTCPInfo()
2025/11/25 01:23:34 ---append JSON to Redis DB: 0.021 ms
2025/11/25 01:23:34 ---trim Redis DB: 0.019 ms
2025/11/25 01:23:34 ---set expiration of list: 0.020 ms
2025/11/25 01:23:34 Entered AppendTCPInfo()
2025/11/25 01:23:34 ---append JSON to Redis DB: 0.020 ms
2025/11/25 01:23:34 ---trim Redis DB: 0.018 ms
2025/11/25 01:23:34 ---set expiration of list: 0.019 ms
2025/11/25 01:23:34 Entered AppendTCPInfo()
2025/11/25 01:23:34 ---append JSON to Redis DB: 0.020 ms
2025/11/25 01:23:34 ---trim Redis DB: 0.022 ms
2025/11/25 01:23:34 ---set expiration of list: 0.020 ms
2025/11/25 01:23:34 Entered AppendTCPInfo()
2025/11/25 01:23:34 ---append JSON to Redis DB: 0.020 ms
2025/11/25 01:23:34 ---trim Redis DB: 0.020 ms
2025/11/25 01:23:34 ---set expiration of list: 0.019 ms
2025/11/25 01:23:34 Entered AppendTCPInfo()
2025/11/25 01:23:34 ---append JSON to Redis DB: 0.020 ms
2025/11/25 01:23:34 ---trim Redis DB: 0.020 ms
2025/11/25 01:23:34 ---set expiration of list: 0.020 ms
2025/11/25 01:23:34 Entered AppendTCPInfo()
2025/11/25 01:23:34 ---append JSON to Redis DB: 0.020 ms
2025/11/25 01:23:34 ---trim Redis DB: 0.019 ms
2025/11/25 01:23:34 ---set expiration of list: 0.019 ms
2025/11/25 01:23:34 Entered AppendTCPInfo()
2025/11/25 01:23:34 ---append JSON to Redis DB: 0.019 ms
2025/11/25 01:23:34 ---trim Redis DB: 0.019 ms
2025/11/25 01:23:34 ---set expiration of list: 0.021 ms
2025/11/25 01:23:34 Entered AppendTCPInfo()
2025/11/25 01:23:34 ---append JSON to Redis DB: 0.018 ms
2025/11/25 01:23:34 ---trim Redis DB: 0.022 ms
2025/11/25 01:23:34 ---set expiration of list: 0.021 ms
2025/11/25 01:23:34 Entered AppendTCPInfo()
2025/11/25 01:23:34 ---append JSON to Redis DB: 0.020 ms
2025/11/25 01:23:34 ---trim Redis DB: 0.022 ms
2025/11/25 01:23:34 ---set expiration of list: 0.023 ms
2025/11/25 01:23:34 Entered AppendTCPInfo()
2025/11/25 01:23:34 ---append JSON to Redis DB: 0.020 ms
2025/11/25 01:23:34 ---trim Redis DB: 0.023 ms
2025/11/25 01:23:34 ---set expiration of list: 0.019 ms
2025/11/25 01:23:34 Entered AppendTCPInfo()
2025/11/25 01:23:34 ---append JSON to Redis DB: 0.020 ms
2025/11/25 01:23:34 ---trim Redis DB: 0.019 ms
2025/11/25 01:23:34 ---set expiration of list: 0.019 ms
2025/11/25 01:23:34 Entered AppendTCPInfo()
2025/11/25 01:23:34 ---append JSON to Redis DB: 0.021 ms
2025/11/25 01:23:34 ---trim Redis DB: 0.020 ms
2025/11/25 01:23:34 ---set expiration of list: 0.019 ms
2025/11/25 01:23:34 Entered AppendTCPInfo()
2025/11/25 01:23:34 ---append JSON to Redis DB: 0.025 ms
2025/11/25 01:23:34 ---trim Redis DB: 0.020 ms
2025/11/25 01:23:34 ---set expiration of list: 0.021 ms
2025/11/25 01:23:34 Entered AppendTCPInfo()
2025/11/25 01:23:34 ---append JSON to Redis DB: 0.019 ms
2025/11/25 01:23:34 ---trim Redis DB: 0.020 ms
2025/11/25 01:23:34 ---set expiration of list: 0.020 ms
2025/11/25 01:23:34 Entered AppendTCPInfo()
2025/11/25 01:23:34 ---append JSON to Redis DB: 0.020 ms
2025/11/25 01:23:34 ---trim Redis DB: 0.019 ms
2025/11/25 01:23:34 ---set expiration of list: 0.021 ms
2025/11/25 01:23:34 Entered AppendTCPInfo()
2025/11/25 01:23:34 ---append JSON to Redis DB: 0.025 ms
2025/11/25 01:23:34 ---trim Redis DB: 0.025 ms
2025/11/25 01:23:34 ---set expiration of list: 0.025 ms
2025/11/25 01:23:34 Entered AppendTCPInfo()
2025/11/25 01:23:34 ---append JSON to Redis DB: 0.022 ms
2025/11/25 01:23:34 ---trim Redis DB: 0.021 ms
2025/11/25 01:23:34 ---set expiration of list: 0.021 ms
2025/11/25 01:23:34 Entered AppendTCPInfo()
2025/11/25 01:23:34 ---append JSON to Redis DB: 0.020 ms
2025/11/25 01:23:34 ---trim Redis DB: 0.019 ms
2025/11/25 01:23:34 ---set expiration of list: 0.019 ms
2025/11/25 01:23:34 Entered AppendTCPInfo()
2025/11/25 01:23:34 ---append JSON to Redis DB: 0.019 ms
2025/11/25 01:23:34 ---trim Redis DB: 0.020 ms
2025/11/25 01:23:34 ---set expiration of list: 0.020 ms
2025/11/25 01:23:34 Entered AppendTCPInfo()
2025/11/25 01:23:34 ---append JSON to Redis DB: 0.021 ms
2025/11/25 01:23:34 ---trim Redis DB: 0.021 ms
2025/11/25 01:23:34 ---set expiration of list: 0.021 ms
2025/11/25 01:23:34 Entered AppendTCPInfo()
2025/11/25 01:23:34 ---append JSON to Redis DB: 0.020 ms
2025/11/25 01:23:34 ---trim Redis DB: 0.020 ms
2025/11/25 01:23:34 ---set expiration of list: 0.019 ms
2025/11/25 01:23:34 Entered AppendTCPInfo()
2025/11/25 01:23:34 ---append JSON to Redis DB: 0.020 ms
2025/11/25 01:23:34 ---trim Redis DB: 0.019 ms
2025/11/25 01:23:34 ---set expiration of list: 0.020 ms
2025/11/25 01:23:34 Entered AppendTCPInfo()
2025/11/25 01:23:34 ---append JSON to Redis DB: 0.026 ms
2025/11/25 01:23:34 ---trim Redis DB: 0.020 ms
2025/11/25 01:23:34 ---set expiration of list: 0.020 ms
2025/11/25 01:23:34 Entered AppendTCPInfo()
2025/11/25 01:23:34 ---append JSON to Redis DB: 0.019 ms
2025/11/25 01:23:34 ---trim Redis DB: 0.019 ms
2025/11/25 01:23:34 ---set expiration of list: 0.021 ms
2025/11/25 01:23:34 Entered AppendTCPInfo()
2025/11/25 01:23:34 ---append JSON to Redis DB: 0.035 ms
2025/11/25 01:23:34 ---trim Redis DB: 0.026 ms
2025/11/25 01:23:34 ---set expiration of list: 0.022 ms
2025/11/25 01:23:34 Entered AppendTCPInfo()
2025/11/25 01:23:34 ---append JSON to Redis DB: 0.025 ms
2025/11/25 01:23:34 ---trim Redis DB: 0.020 ms
2025/11/25 01:23:34 ---set expiration of list: 0.021 ms
2025/11/25 01:23:34 Entered AppendTCPInfo()
2025/11/25 01:23:34 ---append JSON to Redis DB: 0.022 ms
2025/11/25 01:23:34 ---trim Redis DB: 0.020 ms
2025/11/25 01:23:34 ---set expiration of list: 0.019 ms
2025/11/25 01:23:34 Entered AppendTCPInfo()
2025/11/25 01:23:34 ---append JSON to Redis DB: 0.021 ms
2025/11/25 01:23:34 ---trim Redis DB: 0.019 ms
2025/11/25 01:23:34 ---set expiration of list: 0.029 ms
2025/11/25 01:23:34 Entered AppendTCPInfo()
2025/11/25 01:23:34 ---append JSON to Redis DB: 0.020 ms
2025/11/25 01:23:34 ---trim Redis DB: 0.020 ms
2025/11/25 01:23:34 ---set expiration of list: 0.019 ms
2025/11/25 01:23:34 Entered AppendTCPInfo()
2025/11/25 01:23:34 ---append JSON to Redis DB: 0.020 ms
2025/11/25 01:23:34 ---trim Redis DB: 0.019 ms
2025/11/25 01:23:34 ---set expiration of list: 0.019 ms
2025/11/25 01:23:34 Entered AppendTCPInfo()
2025/11/25 01:23:34 ---append JSON to Redis DB: 0.020 ms
2025/11/25 01:23:34 ---trim Redis DB: 0.020 ms
2025/11/25 01:23:34 ---set expiration of list: 0.020 ms
2025/11/25 01:23:34 Entered AppendTCPInfo()
2025/11/25 01:23:34 ---append JSON to Redis DB: 0.020 ms
2025/11/25 01:23:34 ---trim Redis DB: 0.020 ms
2025/11/25 01:23:34 ---set expiration of list: 0.020 ms
2025/11/25 01:23:34 Entered AppendTCPInfo()
2025/11/25 01:23:34 ---append JSON to Redis DB: 0.020 ms
2025/11/25 01:23:34 ---trim Redis DB: 0.020 ms
2025/11/25 01:23:34 ---set expiration of list: 0.018 ms
2025/11/25 01:23:34 Entered AppendTCPInfo()
2025/11/25 01:23:34 ---append JSON to Redis DB: 0.021 ms
2025/11/25 01:23:34 ---trim Redis DB: 0.019 ms
2025/11/25 01:23:34 ---set expiration of list: 0.019 ms
2025/11/25 01:23:34 Entered AppendTCPInfo()
2025/11/25 01:23:34 ---append JSON to Redis DB: 0.019 ms
2025/11/25 01:23:34 ---trim Redis DB: 0.019 ms
2025/11/25 01:23:34 ---set expiration of list: 0.019 ms
2025/11/25 01:23:34 Entered AppendTCPInfo()
2025/11/25 01:23:34 ---append JSON to Redis DB: 0.021 ms
2025/11/25 01:23:34 ---trim Redis DB: 0.024 ms
2025/11/25 01:23:34 ---set expiration of list: 0.023 ms
2025/11/25 01:23:34 Entered AppendTCPInfo()
2025/11/25 01:23:34 ---append JSON to Redis DB: 0.022 ms
2025/11/25 01:23:34 ---trim Redis DB: 0.024 ms
2025/11/25 01:23:34 ---set expiration of list: 0.021 ms
2025/11/25 01:23:34 Entered AppendTCPInfo()
2025/11/25 01:23:34 ---append JSON to Redis DB: 0.022 ms
2025/11/25 01:23:34 ---trim Redis DB: 0.024 ms
2025/11/25 01:23:34 ---set expiration of list: 0.021 ms
2025/11/25 01:23:34 Entered AppendTCPInfo()
2025/11/25 01:23:34 ---append JSON to Redis DB: 0.019 ms
2025/11/25 01:23:34 ---trim Redis DB: 0.019 ms
2025/11/25 01:23:34 ---set expiration of list: 0.019 ms
2025/11/25 01:23:34 Entered AppendTCPInfo()
2025/11/25 01:23:34 ---append JSON to Redis DB: 0.019 ms
2025/11/25 01:23:34 ---trim Redis DB: 0.019 ms
2025/11/25 01:23:34 ---set expiration of list: 0.019 ms
2025/11/25 01:23:34 Entered AppendTCPInfo()
2025/11/25 01:23:34 ---append JSON to Redis DB: 0.020 ms
2025/11/25 01:23:34 ---trim Redis DB: 0.020 ms
2025/11/25 01:23:34 ---set expiration of list: 0.027 ms
2025/11/25 01:23:34 Entered AppendTCPInfo()
2025/11/25 01:23:34 ---append JSON to Redis DB: 0.020 ms
2025/11/25 01:23:34 ---trim Redis DB: 0.019 ms
2025/11/25 01:23:34 ---set expiration of list: 0.020 ms
2025/11/25 01:23:34 Entered AppendTCPInfo()
2025/11/25 01:23:34 ---append JSON to Redis DB: 0.024 ms
2025/11/25 01:23:34 ---trim Redis DB: 0.019 ms
2025/11/25 01:23:34 ---set expiration of list: 0.019 ms
2025/11/25 01:23:34 Entered AppendTCPInfo()
2025/11/25 01:23:34 ---append JSON to Redis DB: 0.020 ms
2025/11/25 01:23:34 ---trim Redis DB: 0.019 ms
2025/11/25 01:23:34 ---set expiration of list: 0.020 ms
2025/11/25 01:23:34 Entered AppendTCPInfo()
2025/11/25 01:23:34 ---append JSON to Redis DB: 0.024 ms
2025/11/25 01:23:34 ---trim Redis DB: 0.020 ms
2025/11/25 01:23:34 ---set expiration of list: 0.019 ms
2025/11/25 01:23:34 Entered AppendTCPInfo()
2025/11/25 01:23:34 ---append JSON to Redis DB: 0.020 ms
2025/11/25 01:23:34 ---trim Redis DB: 0.019 ms
2025/11/25 01:23:34 ---set expiration of list: 0.020 ms
2025/11/25 01:23:34 Entered AppendTCPInfo()
2025/11/25 01:23:34 ---append JSON to Redis DB: 0.027 ms
2025/11/25 01:23:34 ---trim Redis DB: 0.020 ms
2025/11/25 01:23:34 ---set expiration of list: 0.023 ms
2025/11/25 01:23:34 Entered AppendTCPInfo()
2025/11/25 01:23:34 ---append JSON to Redis DB: 0.023 ms
2025/11/25 01:23:34 ---trim Redis DB: 0.024 ms
2025/11/25 01:23:34 ---set expiration of list: 0.023 ms
2025/11/25 01:23:34 Entered AppendTCPInfo()
2025/11/25 01:23:34 ---append JSON to Redis DB: 0.024 ms
2025/11/25 01:23:34 ---trim Redis DB: 0.018 ms
2025/11/25 01:23:34 ---set expiration of list: 0.018 ms
2025/11/25 01:23:34 Entered AppendTCPInfo()
2025/11/25 01:23:34 ---append JSON to Redis DB: 0.018 ms
2025/11/25 01:23:34 ---trim Redis DB: 0.018 ms
2025/11/25 01:23:34 ---set expiration of list: 0.018 ms
2025/11/25 01:23:34 Entered AppendTCPInfo()
2025/11/25 01:23:34 ---append JSON to Redis DB: 0.021 ms
2025/11/25 01:23:34 ---trim Redis DB: 0.019 ms
2025/11/25 01:23:34 ---set expiration of list: 0.020 ms
2025/11/25 01:23:34 Entered AppendTCPInfo()
2025/11/25 01:23:34 ---append JSON to Redis DB: 0.019 ms
2025/11/25 01:23:34 ---trim Redis DB: 0.018 ms
2025/11/25 01:23:34 ---set expiration of list: 0.017 ms
2025/11/25 01:23:34 Entered AppendTCPInfo()
2025/11/25 01:23:34 ---append JSON to Redis DB: 0.019 ms
2025/11/25 01:23:34 ---trim Redis DB: 0.019 ms
2025/11/25 01:23:34 ---set expiration of list: 0.023 ms
2025/11/25 01:23:34 Entered AppendTCPInfo()
2025/11/25 01:23:34 ---append JSON to Redis DB: 0.023 ms
2025/11/25 01:23:34 ---trim Redis DB: 0.019 ms
2025/11/25 01:23:34 ---set expiration of list: 0.019 ms
2025/11/25 01:23:34 Entered AppendTCPInfo()
2025/11/25 01:23:34 ---append JSON to Redis DB: 0.018 ms
2025/11/25 01:23:34 ---trim Redis DB: 0.019 ms
2025/11/25 01:23:34 ---set expiration of list: 0.018 ms
2025/11/25 01:23:34 Entered AppendTCPInfo()
2025/11/25 01:23:34 ---append JSON to Redis DB: 0.021 ms
2025/11/25 01:23:34 ---trim Redis DB: 0.020 ms
2025/11/25 01:23:34 ---set expiration of list: 0.018 ms
2025/11/25 01:23:34 Entered AppendTCPInfo()
2025/11/25 01:23:34 ---append JSON to Redis DB: 0.019 ms
2025/11/25 01:23:34 ---trim Redis DB: 0.018 ms
2025/11/25 01:23:34 ---set expiration of list: 0.018 ms
2025/11/25 01:23:34 Entered AppendTCPInfo()
2025/11/25 01:23:34 ---append JSON to Redis DB: 0.018 ms
2025/11/25 01:23:34 ---trim Redis DB: 0.019 ms
2025/11/25 01:23:34 ---set expiration of list: 0.019 ms
2025/11/25 01:23:34 Entered AppendTCPInfo()
2025/11/25 01:23:34 ---append JSON to Redis DB: 0.019 ms
2025/11/25 01:23:34 ---trim Redis DB: 0.019 ms
2025/11/25 01:23:34 ---set expiration of list: 0.020 ms
2025/11/25 01:23:34 Entered AppendTCPInfo()
2025/11/25 01:23:34 ---append JSON to Redis DB: 0.019 ms
2025/11/25 01:23:34 ---trim Redis DB: 0.019 ms
2025/11/25 01:23:34 ---set expiration of list: 0.020 ms
2025/11/25 01:23:34 Entered AppendTCPInfo()
2025/11/25 01:23:34 ---append JSON to Redis DB: 0.018 ms
2025/11/25 01:23:34 ---trim Redis DB: 0.018 ms
2025/11/25 01:23:34 ---set expiration of list: 0.019 ms
2025/11/25 01:23:34 Entered AppendTCPInfo()
2025/11/25 01:23:34 ---append JSON to Redis DB: 0.019 ms
2025/11/25 01:23:34 ---trim Redis DB: 0.020 ms
2025/11/25 01:23:34 ---set expiration of list: 0.019 ms
2025/11/25 01:23:34 Entered AppendTCPInfo()
2025/11/25 01:23:34 ---append JSON to Redis DB: 0.018 ms
2025/11/25 01:23:34 ---trim Redis DB: 0.019 ms
2025/11/25 01:23:34 ---set expiration of list: 0.018 ms
2025/11/25 01:23:34 Entered AppendTCPInfo()
2025/11/25 01:23:34 ---append JSON to Redis DB: 0.034 ms
2025/11/25 01:23:34 ---trim Redis DB: 0.019 ms
2025/11/25 01:23:34 ---set expiration of list: 0.018 ms
2025/11/25 01:23:34 Entered AppendTCPInfo()
2025/11/25 01:23:34 ---append JSON to Redis DB: 0.018 ms
2025/11/25 01:23:34 ---trim Redis DB: 0.019 ms
2025/11/25 01:23:34 ---set expiration of list: 0.024 ms
2025/11/25 01:23:34 Entered AppendTCPInfo()
2025/11/25 01:23:34 ---append JSON to Redis DB: 0.021 ms
2025/11/25 01:23:34 ---trim Redis DB: 0.018 ms
2025/11/25 01:23:34 ---set expiration of list: 0.018 ms
2025/11/25 01:23:34 Entered AppendTCPInfo()
2025/11/25 01:23:34 ---append JSON to Redis DB: 0.018 ms
2025/11/25 01:23:34 ---trim Redis DB: 0.019 ms
2025/11/25 01:23:34 ---set expiration of list: 0.019 ms
2025/11/25 01:23:34 Entered AppendTCPInfo()
2025/11/25 01:23:34 ---append JSON to Redis DB: 0.018 ms
2025/11/25 01:23:34 ---trim Redis DB: 0.018 ms
2025/11/25 01:23:34 ---set expiration of list: 0.018 ms
2025/11/25 01:23:34 Entered AppendTCPInfo()
2025/11/25 01:23:34 ---append JSON to Redis DB: 0.018 ms
2025/11/25 01:23:34 ---trim Redis DB: 0.018 ms
2025/11/25 01:23:34 ---set expiration of list: 0.019 ms
2025/11/25 01:23:34 Entered AppendTCPInfo()
2025/11/25 01:23:34 ---append JSON to Redis DB: 0.018 ms
2025/11/25 01:23:34 ---trim Redis DB: 0.018 ms
2025/11/25 01:23:34 ---set expiration of list: 0.017 ms
2025/11/25 01:23:34 Entered AppendTCPInfo()
2025/11/25 01:23:34 ---append JSON to Redis DB: 0.018 ms
2025/11/25 01:23:34 ---trim Redis DB: 0.018 ms
2025/11/25 01:23:34 ---set expiration of list: 0.018 ms
2025/11/25 01:23:34 Entered AppendTCPInfo()
2025/11/25 01:23:34 ---append JSON to Redis DB: 0.018 ms
2025/11/25 01:23:34 ---trim Redis DB: 0.018 ms
2025/11/25 01:23:34 ---set expiration of list: 0.019 ms
2025/11/25 01:23:34 Entered AppendTCPInfo()
2025/11/25 01:23:34 ---append JSON to Redis DB: 0.022 ms
2025/11/25 01:23:34 ---trim Redis DB: 0.020 ms
2025/11/25 01:23:34 ---set expiration of list: 0.021 ms
2025/11/25 01:23:34 Entered AppendTCPInfo()
2025/11/25 01:23:34 ---append JSON to Redis DB: 0.019 ms
2025/11/25 01:23:34 ---trim Redis DB: 0.019 ms
2025/11/25 01:23:34 ---set expiration of list: 0.025 ms
2025/11/25 01:23:34 Entered AppendTCPInfo()
2025/11/25 01:23:34 ---append JSON to Redis DB: 0.021 ms
2025/11/25 01:23:34 ---trim Redis DB: 0.018 ms
2025/11/25 01:23:34 ---set expiration of list: 0.020 ms
2025/11/25 01:23:34 Entered AppendTCPInfo()
2025/11/25 01:23:34 ---append JSON to Redis DB: 0.019 ms
2025/11/25 01:23:34 ---trim Redis DB: 0.021 ms
2025/11/25 01:23:34 ---set expiration of list: 0.018 ms
2025/11/25 01:23:34 Entered AppendTCPInfo()
2025/11/25 01:23:34 ---append JSON to Redis DB: 0.025 ms
2025/11/25 01:23:34 ---trim Redis DB: 0.018 ms
2025/11/25 01:23:34 ---set expiration of list: 0.019 ms
2025/11/25 01:23:34 Entered AppendTCPInfo()
2025/11/25 01:23:34 ---append JSON to Redis DB: 0.018 ms
2025/11/25 01:23:34 ---trim Redis DB: 0.019 ms
2025/11/25 01:23:34 ---set expiration of list: 0.018 ms
2025/11/25 01:23:34 Entered AppendTCPInfo()
2025/11/25 01:23:34 ---append JSON to Redis DB: 0.022 ms
2025/11/25 01:23:34 ---trim Redis DB: 0.019 ms
2025/11/25 01:23:34 ---set expiration of list: 0.021 ms
2025/11/25 01:23:34 Entered AppendTCPInfo()
2025/11/25 01:23:34 ---append JSON to Redis DB: 0.020 ms
2025/11/25 01:23:34 ---trim Redis DB: 0.018 ms
2025/11/25 01:23:34 ---set expiration of list: 0.017 ms
2025/11/25 01:23:34 Entered AppendTCPInfo()
2025/11/25 01:23:34 ---append JSON to Redis DB: 0.023 ms
2025/11/25 01:23:34 ---trim Redis DB: 0.020 ms
2025/11/25 01:23:34 ---set expiration of list: 0.018 ms
2025/11/25 01:23:34 Entered AppendTCPInfo()
2025/11/25 01:23:34 ---append JSON to Redis DB: 0.019 ms
2025/11/25 01:23:34 ---trim Redis DB: 0.019 ms
2025/11/25 01:23:34 ---set expiration of list: 0.018 ms
2025/11/25 01:23:34 Entered AppendTCPInfo()
2025/11/25 01:23:34 ---append JSON to Redis DB: 0.020 ms
2025/11/25 01:23:34 ---trim Redis DB: 0.019 ms
2025/11/25 01:23:34 ---set expiration of list: 0.019 ms
2025/11/25 01:23:34 Entered AppendTCPInfo()
2025/11/25 01:23:34 ---append JSON to Redis DB: 0.019 ms
2025/11/25 01:23:34 ---trim Redis DB: 0.018 ms
2025/11/25 01:23:34 ---set expiration of list: 0.018 ms
2025/11/25 01:23:34 Entered AppendTCPInfo()
2025/11/25 01:23:34 ---append JSON to Redis DB: 0.021 ms
2025/11/25 01:23:34 ---trim Redis DB: 0.018 ms
2025/11/25 01:23:34 ---set expiration of list: 0.018 ms
2025/11/25 01:23:34 Entered AppendTCPInfo()
2025/11/25 01:23:34 ---append JSON to Redis DB: 0.019 ms
2025/11/25 01:23:34 ---trim Redis DB: 0.027 ms
2025/11/25 01:23:34 ---set expiration of list: 0.019 ms
2025/11/25 01:23:34 Entered AppendTCPInfo()
2025/11/25 01:23:34 ---append JSON to Redis DB: 0.018 ms
2025/11/25 01:23:34 ---trim Redis DB: 0.020 ms
2025/11/25 01:23:34 ---set expiration of list: 0.020 ms
2025/11/25 01:23:34 Entered AppendTCPInfo()
2025/11/25 01:23:34 ---append JSON to Redis DB: 0.019 ms
2025/11/25 01:23:34 ---trim Redis DB: 0.019 ms
2025/11/25 01:23:34 ---set expiration of list: 0.020 ms
2025/11/25 01:23:34 Entered AppendTCPInfo()
2025/11/25 01:23:34 ---append JSON to Redis DB: 0.020 ms
2025/11/25 01:23:34 ---trim Redis DB: 0.020 ms
2025/11/25 01:23:34 ---set expiration of list: 0.020 ms
2025/11/25 01:23:34 Entered AppendTCPInfo()
2025/11/25 01:23:34 ---append JSON to Redis DB: 0.024 ms
2025/11/25 01:23:34 ---trim Redis DB: 0.018 ms
2025/11/25 01:23:34 ---set expiration of list: 0.019 ms
2025/11/25 01:23:34 Entered AppendTCPInfo()
2025/11/25 01:23:34 ---append JSON to Redis DB: 0.021 ms
2025/11/25 01:23:34 ---trim Redis DB: 0.019 ms
2025/11/25 01:23:34 ---set expiration of list: 0.022 ms
2025/11/25 01:23:34 Entered AppendTCPInfo()
2025/11/25 01:23:34 ---append JSON to Redis DB: 0.017 ms
2025/11/25 01:23:34 ---trim Redis DB: 0.017 ms
2025/11/25 01:23:34 ---set expiration of list: 0.019 ms
2025/11/25 01:23:34 Entered AppendTCPInfo()
2025/11/25 01:23:34 ---append JSON to Redis DB: 0.019 ms
2025/11/25 01:23:34 ---trim Redis DB: 0.018 ms
2025/11/25 01:23:34 ---set expiration of list: 0.019 ms
2025/11/25 01:23:34 Entered AppendTCPInfo()
2025/11/25 01:23:34 ---append JSON to Redis DB: 0.017 ms
2025/11/25 01:23:34 ---trim Redis DB: 0.019 ms
2025/11/25 01:23:34 ---set expiration of list: 0.017 ms
2025/11/25 01:23:34 Entered AppendTCPInfo()
2025/11/25 01:23:34 ---append JSON to Redis DB: 0.018 ms
2025/11/25 01:23:34 ---trim Redis DB: 0.018 ms
2025/11/25 01:23:34 ---set expiration of list: 0.019 ms
2025/11/25 01:23:34 Entered AppendTCPInfo()
2025/11/25 01:23:34 ---append JSON to Redis DB: 0.018 ms
2025/11/25 01:23:34 ---trim Redis DB: 0.018 ms
2025/11/25 01:23:34 ---set expiration of list: 0.017 ms
2025/11/25 01:23:34 Entered AppendTCPInfo()
2025/11/25 01:23:34 ---append JSON to Redis DB: 0.018 ms
2025/11/25 01:23:34 ---trim Redis DB: 0.019 ms
2025/11/25 01:23:34 ---set expiration of list: 0.017 ms
2025/11/25 01:23:34 Entered AppendTCPInfo()
2025/11/25 01:23:34 ---append JSON to Redis DB: 0.018 ms
2025/11/25 01:23:34 ---trim Redis DB: 0.024 ms
2025/11/25 01:23:34 ---set expiration of list: 0.020 ms
2025/11/25 01:23:34 Entered AppendTCPInfo()
2025/11/25 01:23:34 ---append JSON to Redis DB: 0.018 ms
2025/11/25 01:23:34 ---trim Redis DB: 0.019 ms
2025/11/25 01:23:34 ---set expiration of list: 0.021 ms
2025/11/25 01:23:34 Entered AppendTCPInfo()
2025/11/25 01:23:34 ---append JSON to Redis DB: 0.022 ms
2025/11/25 01:23:34 ---trim Redis DB: 0.033 ms
2025/11/25 01:23:34 ---set expiration of list: 0.019 ms
2025/11/25 01:23:34 Entered AppendTCPInfo()
2025/11/25 01:23:34 ---append JSON to Redis DB: 0.018 ms
2025/11/25 01:23:34 ---trim Redis DB: 0.018 ms
2025/11/25 01:23:34 ---set expiration of list: 0.018 ms
2025/11/25 01:23:34 Entered AppendTCPInfo()
2025/11/25 01:23:34 ---append JSON to Redis DB: 0.019 ms
2025/11/25 01:23:34 ---trim Redis DB: 0.019 ms
2025/11/25 01:23:34 ---set expiration of list: 0.018 ms
2025/11/25 01:23:34 Entered AppendTCPInfo()
2025/11/25 01:23:34 ---append JSON to Redis DB: 0.018 ms
2025/11/25 01:23:34 ---trim Redis DB: 0.018 ms
2025/11/25 01:23:34 ---set expiration of list: 0.019 ms
2025/11/25 01:23:34 Entered AppendTCPInfo()
2025/11/25 01:23:34 ---append JSON to Redis DB: 0.018 ms
2025/11/25 01:23:34 ---trim Redis DB: 0.018 ms
2025/11/25 01:23:34 ---set expiration of list: 0.019 ms
2025/11/25 01:23:34 Entered AppendTCPInfo()
2025/11/25 01:23:34 ---append JSON to Redis DB: 0.021 ms
2025/11/25 01:23:34 ---trim Redis DB: 0.017 ms
2025/11/25 01:23:34 ---set expiration of list: 0.017 ms
2025/11/25 01:23:34 Entered AppendTCPInfo()
2025/11/25 01:23:34 ---append JSON to Redis DB: 0.019 ms
2025/11/25 01:23:34 ---trim Redis DB: 0.018 ms
2025/11/25 01:23:34 ---set expiration of list: 0.022 ms
2025/11/25 01:23:34 Entered AppendTCPInfo()
2025/11/25 01:23:34 ---append JSON to Redis DB: 0.019 ms
2025/11/25 01:23:34 ---trim Redis DB: 0.020 ms
2025/11/25 01:23:34 ---set expiration of list: 0.017 ms
2025/11/25 01:23:34 Entered AppendTCPInfo()
2025/11/25 01:23:34 ---append JSON to Redis DB: 0.018 ms
2025/11/25 01:23:34 ---trim Redis DB: 0.018 ms
2025/11/25 01:23:34 ---set expiration of list: 0.017 ms
2025/11/25 01:23:34 Entered AppendTCPInfo()
2025/11/25 01:23:34 ---append JSON to Redis DB: 0.021 ms
2025/11/25 01:23:34 ---trim Redis DB: 0.017 ms
2025/11/25 01:23:34 ---set expiration of list: 0.017 ms
2025/11/25 01:23:34 Entered AppendTCPInfo()
2025/11/25 01:23:34 ---append JSON to Redis DB: 0.017 ms
2025/11/25 01:23:34 ---trim Redis DB: 0.017 ms
2025/11/25 01:23:34 ---set expiration of list: 0.018 ms
2025/11/25 01:23:34 Entered AppendTCPInfo()
2025/11/25 01:23:34 ---append JSON to Redis DB: 0.018 ms
2025/11/25 01:23:34 ---trim Redis DB: 0.019 ms
2025/11/25 01:23:34 ---set expiration of list: 0.019 ms
2025/11/25 01:23:34 Entered AppendTCPInfo()
2025/11/25 01:23:34 ---append JSON to Redis DB: 0.018 ms
2025/11/25 01:23:34 ---trim Redis DB: 0.018 ms
2025/11/25 01:23:34 ---set expiration of list: 0.017 ms
2025/11/25 01:23:34 Entered AppendTCPInfo()
2025/11/25 01:23:34 ---append JSON to Redis DB: 0.018 ms
2025/11/25 01:23:34 ---trim Redis DB: 0.018 ms
2025/11/25 01:23:34 ---set expiration of list: 0.018 ms
2025/11/25 01:23:34 Entered AppendTCPInfo()
2025/11/25 01:23:34 ---append JSON to Redis DB: 0.018 ms
2025/11/25 01:23:34 ---trim Redis DB: 0.018 ms
2025/11/25 01:23:34 ---set expiration of list: 0.022 ms
2025/11/25 01:23:34 Entered AppendTCPInfo()
2025/11/25 01:23:34 ---append JSON to Redis DB: 0.018 ms
2025/11/25 01:23:34 ---trim Redis DB: 0.017 ms
2025/11/25 01:23:34 ---set expiration of list: 0.018 ms
2025/11/25 01:23:34 Entered AppendTCPInfo()
2025/11/25 01:23:34 ---append JSON to Redis DB: 0.028 ms
2025/11/25 01:23:34 ---trim Redis DB: 0.018 ms
2025/11/25 01:23:34 ---set expiration of list: 0.024 ms
2025/11/25 01:23:34 Entered AppendTCPInfo()
2025/11/25 01:23:34 ---append JSON to Redis DB: 0.020 ms
2025/11/25 01:23:34 ---trim Redis DB: 0.024 ms
2025/11/25 01:23:34 ---set expiration of list: 0.018 ms
2025/11/25 01:23:34 Entered AppendTCPInfo()
2025/11/25 01:23:34 ---append JSON to Redis DB: 0.023 ms
2025/11/25 01:23:34 ---trim Redis DB: 0.025 ms
2025/11/25 01:23:34 ---set expiration of list: 0.018 ms
2025/11/25 01:23:34 Entered AppendTCPInfo()
2025/11/25 01:23:34 ---append JSON to Redis DB: 0.018 ms
2025/11/25 01:23:34 ---trim Redis DB: 0.018 ms
2025/11/25 01:23:34 ---set expiration of list: 0.019 ms
2025/11/25 01:23:34 Entered AppendTCPInfo()
2025/11/25 01:23:34 ---append JSON to Redis DB: 0.019 ms
2025/11/25 01:23:34 ---trim Redis DB: 0.018 ms
2025/11/25 01:23:34 ---set expiration of list: 0.022 ms
2025/11/25 01:23:34 Entered AppendTCPInfo()
2025/11/25 01:23:34 ---append JSON to Redis DB: 0.018 ms
2025/11/25 01:23:34 ---trim Redis DB: 0.017 ms
2025/11/25 01:23:34 ---set expiration of list: 0.018 ms
2025/11/25 01:23:34 Entered AppendTCPInfo()
2025/11/25 01:23:34 ---append JSON to Redis DB: 0.020 ms
2025/11/25 01:23:34 ---trim Redis DB: 0.018 ms
2025/11/25 01:23:34 ---set expiration of list: 0.018 ms
2025/11/25 01:23:34 Entered AppendTCPInfo()
2025/11/25 01:23:34 ---append JSON to Redis DB: 0.018 ms
2025/11/25 01:23:34 ---trim Redis DB: 0.017 ms
2025/11/25 01:23:34 ---set expiration of list: 0.018 ms
2025/11/25 01:23:34 Entered AppendTCPInfo()
2025/11/25 01:23:34 ---append JSON to Redis DB: 0.018 ms
2025/11/25 01:23:34 ---trim Redis DB: 0.018 ms
2025/11/25 01:23:34 ---set expiration of list: 0.019 ms
2025/11/25 01:23:34 Entered AppendTCPInfo()
2025/11/25 01:23:34 ---append JSON to Redis DB: 0.027 ms
2025/11/25 01:23:34 ---trim Redis DB: 0.018 ms
2025/11/25 01:23:34 ---set expiration of list: 0.017 ms
2025/11/25 01:23:34 Entered AppendTCPInfo()
2025/11/25 01:23:34 ---append JSON to Redis DB: 0.018 ms
2025/11/25 01:23:34 ---trim Redis DB: 0.020 ms
2025/11/25 01:23:34 ---set expiration of list: 0.017 ms
2025/11/25 01:23:34 Entered AppendTCPInfo()
2025/11/25 01:23:34 ---append JSON to Redis DB: 0.018 ms
2025/11/25 01:23:34 ---trim Redis DB: 0.018 ms
2025/11/25 01:23:34 ---set expiration of list: 0.018 ms
2025/11/25 01:23:34 Entered AppendTCPInfo()
2025/11/25 01:23:34 ---append JSON to Redis DB: 0.019 ms
2025/11/25 01:23:34 ---trim Redis DB: 0.025 ms
2025/11/25 01:23:34 ---set expiration of list: 0.018 ms
2025/11/25 01:23:34 Entered AppendTCPInfo()
2025/11/25 01:23:34 ---append JSON to Redis DB: 0.019 ms
2025/11/25 01:23:34 ---trim Redis DB: 0.018 ms
2025/11/25 01:23:34 ---set expiration of list: 0.022 ms
2025/11/25 01:23:34 Entered AppendTCPInfo()
2025/11/25 01:23:34 ---append JSON to Redis DB: 0.019 ms
2025/11/25 01:23:34 ---trim Redis DB: 0.017 ms
2025/11/25 01:23:34 ---set expiration of list: 0.017 ms
2025/11/25 01:23:34 Entered AppendTCPInfo()
2025/11/25 01:23:34 ---append JSON to Redis DB: 0.018 ms
2025/11/25 01:23:34 ---trim Redis DB: 0.017 ms
2025/11/25 01:23:34 ---set expiration of list: 0.018 ms
2025/11/25 01:23:34 Entered AppendTCPInfo()
2025/11/25 01:23:34 ---append JSON to Redis DB: 0.017 ms
2025/11/25 01:23:34 ---trim Redis DB: 0.018 ms
2025/11/25 01:23:34 ---set expiration of list: 0.017 ms
2025/11/25 01:23:34 Entered AppendTCPInfo()
2025/11/25 01:23:34 ---append JSON to Redis DB: 0.018 ms
2025/11/25 01:23:34 ---trim Redis DB: 0.017 ms
2025/11/25 01:23:34 ---set expiration of list: 0.018 ms
2025/11/25 01:23:34 Entered AppendTCPInfo()
2025/11/25 01:23:34 ---append JSON to Redis DB: 0.017 ms
2025/11/25 01:23:34 ---trim Redis DB: 0.018 ms
2025/11/25 01:23:34 ---set expiration of list: 0.017 ms
2025/11/25 01:23:34 Entered AppendTCPInfo()
2025/11/25 01:23:34 ---append JSON to Redis DB: 0.017 ms
2025/11/25 01:23:34 ---trim Redis DB: 0.017 ms
2025/11/25 01:23:34 ---set expiration of list: 0.017 ms
2025/11/25 01:23:34 Entered AppendTCPInfo()
2025/11/25 01:23:34 ---append JSON to Redis DB: 0.017 ms
2025/11/25 01:23:34 ---trim Redis DB: 0.018 ms
2025/11/25 01:23:34 ---set expiration of list: 0.017 ms
2025/11/25 01:23:34 Entered AppendTCPInfo()
2025/11/25 01:23:34 ---append JSON to Redis DB: 0.018 ms
2025/11/25 01:23:34 ---trim Redis DB: 0.019 ms
2025/11/25 01:23:34 ---set expiration of list: 0.018 ms
2025/11/25 01:23:34 Entered AppendTCPInfo()
2025/11/25 01:23:34 ---append JSON to Redis DB: 0.018 ms
2025/11/25 01:23:34 ---trim Redis DB: 0.018 ms
2025/11/25 01:23:34 ---set expiration of list: 0.017 ms
2025/11/25 01:23:34 Entered AppendTCPInfo()
2025/11/25 01:23:34 ---append JSON to Redis DB: 0.021 ms
2025/11/25 01:23:34 ---trim Redis DB: 0.017 ms
2025/11/25 01:23:34 ---set expiration of list: 0.017 ms
2025/11/25 01:23:34 Entered AppendTCPInfo()
2025/11/25 01:23:34 ---append JSON to Redis DB: 0.018 ms
2025/11/25 01:23:34 ---trim Redis DB: 0.018 ms
2025/11/25 01:23:34 ---set expiration of list: 0.017 ms
2025/11/25 01:23:34 Entered AppendTCPInfo()
2025/11/25 01:23:34 ---append JSON to Redis DB: 0.017 ms
2025/11/25 01:23:34 ---trim Redis DB: 0.018 ms
2025/11/25 01:23:34 ---set expiration of list: 0.017 ms
2025/11/25 01:23:34 Entered AppendTCPInfo()
2025/11/25 01:23:34 ---append JSON to Redis DB: 0.018 ms
2025/11/25 01:23:34 ---trim Redis DB: 0.017 ms
2025/11/25 01:23:34 ---set expiration of list: 0.016 ms
2025/11/25 01:23:34 Entered AppendTCPInfo()
2025/11/25 01:23:34 ---append JSON to Redis DB: 0.017 ms
2025/11/25 01:23:34 ---trim Redis DB: 0.018 ms
2025/11/25 01:23:34 ---set expiration of list: 0.017 ms
2025/11/25 01:23:34 Entered AppendTCPInfo()
2025/11/25 01:23:34 ---append JSON to Redis DB: 0.018 ms
2025/11/25 01:23:34 ---trim Redis DB: 0.017 ms
2025/11/25 01:23:34 ---set expiration of list: 0.017 ms
2025/11/25 01:23:34 Entered AppendTCPInfo()
2025/11/25 01:23:34 ---append JSON to Redis DB: 0.022 ms
2025/11/25 01:23:34 ---trim Redis DB: 0.019 ms
2025/11/25 01:23:34 ---set expiration of list: 0.018 ms
2025/11/25 01:23:34 Entered AppendTCPInfo()
2025/11/25 01:23:34 ---append JSON to Redis DB: 0.018 ms
2025/11/25 01:23:34 ---trim Redis DB: 0.018 ms
2025/11/25 01:23:34 ---set expiration of list: 0.017 ms
2025/11/25 01:23:34 Entered AppendTCPInfo()
2025/11/25 01:23:34 ---append JSON to Redis DB: 0.018 ms
2025/11/25 01:23:34 ---trim Redis DB: 0.018 ms
2025/11/25 01:23:34 ---set expiration of list: 0.018 ms
2025/11/25 01:23:34 Entered AppendTCPInfo()
2025/11/25 01:23:34 ---append JSON to Redis DB: 0.020 ms
2025/11/25 01:23:34 ---trim Redis DB: 0.018 ms
2025/11/25 01:23:34 ---set expiration of list: 0.020 ms
2025/11/25 01:23:34 Entered AppendTCPInfo()
2025/11/25 01:23:34 ---append JSON to Redis DB: 0.017 ms
2025/11/25 01:23:34 ---trim Redis DB: 0.017 ms
2025/11/25 01:23:34 ---set expiration of list: 0.016 ms
2025/11/25 01:23:34 Entered AppendTCPInfo()
2025/11/25 01:23:34 ---append JSON to Redis DB: 0.017 ms
2025/11/25 01:23:34 ---trim Redis DB: 0.017 ms
2025/11/25 01:23:34 ---set expiration of list: 0.016 ms
2025/11/25 01:23:34 Entered AppendTCPInfo()
2025/11/25 01:23:34 ---append JSON to Redis DB: 0.240 ms
2025/11/25 01:23:34 ---trim Redis DB: 0.024 ms
2025/11/25 01:23:34 ---set expiration of list: 0.017 ms
2025/11/25 01:23:34 Entered AppendTCPInfo()
2025/11/25 01:23:34 ---append JSON to Redis DB: 0.021 ms
2025/11/25 01:23:34 ---trim Redis DB: 0.017 ms
2025/11/25 01:23:34 ---set expiration of list: 0.018 ms
2025/11/25 01:23:34 Entered AppendTCPInfo()
2025/11/25 01:23:34 ---append JSON to Redis DB: 0.018 ms
2025/11/25 01:23:34 ---trim Redis DB: 0.017 ms
2025/11/25 01:23:34 ---set expiration of list: 0.016 ms
2025/11/25 01:23:34 Entered AppendTCPInfo()
2025/11/25 01:23:34 ---append JSON to Redis DB: 0.021 ms
2025/11/25 01:23:34 ---trim Redis DB: 0.023 ms
2025/11/25 01:23:34 ---set expiration of list: 0.016 ms
2025/11/25 01:23:34 Entered AppendTCPInfo()
2025/11/25 01:23:34 ---append JSON to Redis DB: 0.020 ms
2025/11/25 01:23:34 ---trim Redis DB: 0.019 ms
2025/11/25 01:23:34 ---set expiration of list: 0.018 ms
2025/11/25 01:23:34 Entered AppendTCPInfo()
2025/11/25 01:23:34 ---append JSON to Redis DB: 0.017 ms
2025/11/25 01:23:34 ---trim Redis DB: 0.017 ms
2025/11/25 01:23:34 ---set expiration of list: 0.016 ms
2025/11/25 01:23:34 Entered AppendTCPInfo()
2025/11/25 01:23:34 ---append JSON to Redis DB: 0.017 ms
2025/11/25 01:23:34 ---trim Redis DB: 0.018 ms
2025/11/25 01:23:34 ---set expiration of list: 0.017 ms
2025/11/25 01:23:34 Entered AppendTCPInfo()
2025/11/25 01:23:34 ---append JSON to Redis DB: 0.019 ms
2025/11/25 01:23:34 ---trim Redis DB: 0.017 ms
2025/11/25 01:23:34 ---set expiration of list: 0.016 ms
2025/11/25 01:23:34 Entered AppendTCPInfo()
2025/11/25 01:23:34 ---append JSON to Redis DB: 0.019 ms
2025/11/25 01:23:34 ---trim Redis DB: 0.016 ms
2025/11/25 01:23:34 ---set expiration of list: 0.016 ms
2025/11/25 01:23:34 Entered AppendTCPInfo()
2025/11/25 01:23:34 ---append JSON to Redis DB: 0.017 ms
2025/11/25 01:23:34 ---trim Redis DB: 0.017 ms
2025/11/25 01:23:34 ---set expiration of list: 0.016 ms
2025/11/25 01:23:34 Entered AppendTCPInfo()
2025/11/25 01:23:34 ---append JSON to Redis DB: 0.017 ms
2025/11/25 01:23:34 ---trim Redis DB: 0.017 ms
2025/11/25 01:23:34 ---set expiration of list: 0.017 ms
2025/11/25 01:23:34 Entered AppendTCPInfo()
2025/11/25 01:23:34 ---append JSON to Redis DB: 0.018 ms
2025/11/25 01:23:34 ---trim Redis DB: 0.016 ms
2025/11/25 01:23:34 ---set expiration of list: 0.016 ms
2025/11/25 01:23:34 Entered AppendTCPInfo()
2025/11/25 01:23:34 ---append JSON to Redis DB: 0.017 ms
2025/11/25 01:23:34 ---trim Redis DB: 0.022 ms
2025/11/25 01:23:34 ---set expiration of list: 0.016 ms
2025/11/25 01:23:34 Entered AppendTCPInfo()
2025/11/25 01:23:34 ---append JSON to Redis DB: 0.017 ms
2025/11/25 01:23:34 ---trim Redis DB: 0.016 ms
2025/11/25 01:23:34 ---set expiration of list: 0.017 ms
2025/11/25 01:23:34 Entered AppendTCPInfo()
2025/11/25 01:23:34 ---append JSON to Redis DB: 0.017 ms
2025/11/25 01:23:34 ---trim Redis DB: 0.017 ms
2025/11/25 01:23:34 ---set expiration of list: 0.016 ms
2025/11/25 01:23:34 Entered AppendTCPInfo()
2025/11/25 01:23:34 ---append JSON to Redis DB: 0.018 ms
2025/11/25 01:23:34 ---trim Redis DB: 0.023 ms
2025/11/25 01:23:34 ---set expiration of list: 0.018 ms
2025/11/25 01:23:34 Entered AppendTCPInfo()
2025/11/25 01:23:34 ---append JSON to Redis DB: 0.018 ms
2025/11/25 01:23:34 ---trim Redis DB: 0.017 ms
2025/11/25 01:23:34 ---set expiration of list: 0.017 ms
2025/11/25 01:23:34 Entered AppendTCPInfo()
2025/11/25 01:23:34 ---append JSON to Redis DB: 0.021 ms
2025/11/25 01:23:34 ---trim Redis DB: 0.018 ms
2025/11/25 01:23:34 ---set expiration of list: 0.018 ms
2025/11/25 01:23:34 Entered AppendTCPInfo()
2025/11/25 01:23:34 ---append JSON to Redis DB: 0.020 ms
2025/11/25 01:23:34 ---trim Redis DB: 0.021 ms
2025/11/25 01:23:34 ---set expiration of list: 0.018 ms
2025/11/25 01:23:34 Entered AppendTCPInfo()
2025/11/25 01:23:34 ---append JSON to Redis DB: 0.020 ms
2025/11/25 01:23:34 ---trim Redis DB: 0.018 ms
2025/11/25 01:23:34 ---set expiration of list: 0.016 ms
2025/11/25 01:23:34 Entered AppendTCPInfo()
2025/11/25 01:23:34 ---append JSON to Redis DB: 0.018 ms
2025/11/25 01:23:34 ---trim Redis DB: 0.017 ms
2025/11/25 01:23:34 ---set expiration of list: 0.017 ms
2025/11/25 01:23:34 Entered AppendTCPInfo()
2025/11/25 01:23:34 ---append JSON to Redis DB: 0.017 ms
2025/11/25 01:23:34 ---trim Redis DB: 0.017 ms
2025/11/25 01:23:34 ---set expiration of list: 0.017 ms
2025/11/25 01:23:34 Entered AppendTCPInfo()
2025/11/25 01:23:34 ---append JSON to Redis DB: 0.017 ms
2025/11/25 01:23:34 ---trim Redis DB: 0.016 ms
2025/11/25 01:23:34 ---set expiration of list: 0.016 ms
2025/11/25 01:23:34 Entered AppendTCPInfo()
2025/11/25 01:23:34 ---append JSON to Redis DB: 0.017 ms
2025/11/25 01:23:34 ---trim Redis DB: 0.016 ms
2025/11/25 01:23:34 ---set expiration of list: 0.016 ms
2025/11/25 01:23:34 Entered AppendTCPInfo()
2025/11/25 01:23:34 ---append JSON to Redis DB: 0.017 ms
2025/11/25 01:23:34 ---trim Redis DB: 0.018 ms
2025/11/25 01:23:34 ---set expiration of list: 0.017 ms
2025/11/25 01:23:34 Entered AppendTCPInfo()
2025/11/25 01:23:34 ---append JSON to Redis DB: 0.017 ms
2025/11/25 01:23:34 ---trim Redis DB: 0.017 ms
2025/11/25 01:23:34 ---set expiration of list: 0.016 ms
2025/11/25 01:23:34 Entered AppendTCPInfo()
2025/11/25 01:23:34 ---append JSON to Redis DB: 0.017 ms
2025/11/25 01:23:34 ---trim Redis DB: 0.017 ms
2025/11/25 01:23:34 ---set expiration of list: 0.016 ms
2025/11/25 01:23:34 Entered AppendTCPInfo()
2025/11/25 01:23:34 ---append JSON to Redis DB: 0.018 ms
2025/11/25 01:23:34 ---trim Redis DB: 0.017 ms
2025/11/25 01:23:34 ---set expiration of list: 0.016 ms
2025/11/25 01:23:34 Entered AppendTCPInfo()
2025/11/25 01:23:34 ---append JSON to Redis DB: 0.020 ms
2025/11/25 01:23:34 ---trim Redis DB: 0.017 ms
2025/11/25 01:23:34 ---set expiration of list: 0.017 ms
2025/11/25 01:23:34 Entered AppendTCPInfo()
2025/11/25 01:23:34 ---append JSON to Redis DB: 0.017 ms
2025/11/25 01:23:34 ---trim Redis DB: 0.016 ms
2025/11/25 01:23:34 ---set expiration of list: 0.016 ms
2025/11/25 01:23:34 Entered AppendTCPInfo()
2025/11/25 01:23:34 ---append JSON to Redis DB: 0.017 ms
2025/11/25 01:23:34 ---trim Redis DB: 0.017 ms
2025/11/25 01:23:34 ---set expiration of list: 0.017 ms
2025/11/25 01:23:34 Entered AppendTCPInfo()
2025/11/25 01:23:34 ---append JSON to Redis DB: 0.017 ms
2025/11/25 01:23:34 ---trim Redis DB: 0.019 ms
2025/11/25 01:23:34 ---set expiration of list: 0.016 ms
2025/11/25 01:23:34 Entered AppendTCPInfo()
2025/11/25 01:23:34 ---append JSON to Redis DB: 0.017 ms
2025/11/25 01:23:34 ---trim Redis DB: 0.017 ms
2025/11/25 01:23:34 ---set expiration of list: 0.017 ms
2025/11/25 01:23:34 Entered AppendTCPInfo()
2025/11/25 01:23:34 ---append JSON to Redis DB: 0.018 ms
2025/11/25 01:23:34 ---trim Redis DB: 0.017 ms
2025/11/25 01:23:34 ---set expiration of list: 0.016 ms
2025/11/25 01:23:34 Entered AppendTCPInfo()
2025/11/25 01:23:34 ---append JSON to Redis DB: 0.017 ms
2025/11/25 01:23:34 ---trim Redis DB: 0.017 ms
2025/11/25 01:23:34 ---set expiration of list: 0.016 ms
2025/11/25 01:23:34 Entered AppendTCPInfo()
2025/11/25 01:23:34 ---append JSON to Redis DB: 0.018 ms
2025/11/25 01:23:34 ---trim Redis DB: 0.018 ms
2025/11/25 01:23:34 ---set expiration of list: 0.017 ms
2025/11/25 01:23:34 Entered AppendTCPInfo()
2025/11/25 01:23:34 ---append JSON to Redis DB: 0.019 ms
2025/11/25 01:23:34 ---trim Redis DB: 0.016 ms
2025/11/25 01:23:34 ---set expiration of list: 0.017 ms
2025/11/25 01:23:34 Entered AppendTCPInfo()
2025/11/25 01:23:34 ---append JSON to Redis DB: 0.017 ms
2025/11/25 01:23:34 ---trim Redis DB: 0.017 ms
2025/11/25 01:23:34 ---set expiration of list: 0.016 ms
2025/11/25 01:23:34 Entered AppendTCPInfo()
2025/11/25 01:23:34 ---append JSON to Redis DB: 0.017 ms
2025/11/25 01:23:34 ---trim Redis DB: 0.016 ms
2025/11/25 01:23:34 ---set expiration of list: 0.016 ms
2025/11/25 01:23:34 Entered AppendTCPInfo()
2025/11/25 01:23:34 ---append JSON to Redis DB: 0.017 ms
2025/11/25 01:23:34 ---trim Redis DB: 0.016 ms
2025/11/25 01:23:34 ---set expiration of list: 0.016 ms
2025/11/25 01:23:34 Entered AppendTCPInfo()
2025/11/25 01:23:34 ---append JSON to Redis DB: 0.017 ms
2025/11/25 01:23:34 ---trim Redis DB: 0.017 ms
2025/11/25 01:23:34 ---set expiration of list: 0.016 ms
2025/11/25 01:23:34 Entered AppendTCPInfo()
2025/11/25 01:23:34 ---append JSON to Redis DB: 0.017 ms
2025/11/25 01:23:34 ---trim Redis DB: 0.017 ms
2025/11/25 01:23:34 ---set expiration of list: 0.022 ms
2025/11/25 01:23:34 Entered AppendTCPInfo()
2025/11/25 01:23:34 ---append JSON to Redis DB: 0.018 ms
2025/11/25 01:23:34 ---trim Redis DB: 0.019 ms
2025/11/25 01:23:34 ---set expiration of list: 0.021 ms
2025/11/25 01:23:34 Entered AppendTCPInfo()
2025/11/25 01:23:34 ---append JSON to Redis DB: 0.018 ms
2025/11/25 01:23:34 ---trim Redis DB: 0.017 ms
2025/11/25 01:23:34 ---set expiration of list: 0.021 ms
2025/11/25 01:23:34 Entered AppendTCPInfo()
2025/11/25 01:23:34 ---append JSON to Redis DB: 0.020 ms
2025/11/25 01:23:34 ---trim Redis DB: 0.016 ms
2025/11/25 01:23:34 ---set expiration of list: 0.017 ms
2025/11/25 01:23:34 Entered AppendTCPInfo()
2025/11/25 01:23:34 ---append JSON to Redis DB: 0.017 ms
2025/11/25 01:23:34 ---trim Redis DB: 0.017 ms
2025/11/25 01:23:34 ---set expiration of list: 0.017 ms
2025/11/25 01:23:34 Entered AppendTCPInfo()
2025/11/25 01:23:34 ---append JSON to Redis DB: 0.018 ms
2025/11/25 01:23:34 ---trim Redis DB: 0.016 ms
2025/11/25 01:23:34 ---set expiration of list: 0.016 ms
2025/11/25 01:23:34 Entered AppendTCPInfo()
2025/11/25 01:23:34 ---append JSON to Redis DB: 0.017 ms
2025/11/25 01:23:34 ---trim Redis DB: 0.022 ms
2025/11/25 01:23:34 ---set expiration of list: 0.016 ms
2025/11/25 01:23:34 Entered AppendTCPInfo()
2025/11/25 01:23:34 ---append JSON to Redis DB: 0.017 ms
2025/11/25 01:23:34 ---trim Redis DB: 0.017 ms
2025/11/25 01:23:34 ---set expiration of list: 0.017 ms
2025/11/25 01:23:34 Entered AppendTCPInfo()
2025/11/25 01:23:34 ---append JSON to Redis DB: 0.018 ms
2025/11/25 01:23:34 ---trim Redis DB: 0.017 ms
2025/11/25 01:23:34 ---set expiration of list: 0.016 ms
2025/11/25 01:23:34 Entered AppendTCPInfo()
2025/11/25 01:23:34 ---append JSON to Redis DB: 0.018 ms
2025/11/25 01:23:34 ---trim Redis DB: 0.018 ms
2025/11/25 01:23:34 ---set expiration of list: 0.017 ms
2025/11/25 01:23:34 Entered AppendTCPInfo()
2025/11/25 01:23:34 ---append JSON to Redis DB: 0.017 ms
2025/11/25 01:23:34 ---trim Redis DB: 0.028 ms
2025/11/25 01:23:34 ---set expiration of list: 0.016 ms
2025/11/25 01:23:34 Entered AppendTCPInfo()
2025/11/25 01:23:34 ---append JSON to Redis DB: 0.017 ms
2025/11/25 01:23:34 ---trim Redis DB: 0.016 ms
2025/11/25 01:23:34 ---set expiration of list: 0.016 ms
2025/11/25 01:23:34 Entered AppendTCPInfo()
2025/11/25 01:23:34 ---append JSON to Redis DB: 0.017 ms
2025/11/25 01:23:34 ---trim Redis DB: 0.017 ms
2025/11/25 01:23:34 ---set expiration of list: 0.016 ms
2025/11/25 01:23:34 Entered AppendTCPInfo()
2025/11/25 01:23:34 ---append JSON to Redis DB: 0.017 ms
2025/11/25 01:23:34 ---trim Redis DB: 0.017 ms
2025/11/25 01:23:34 ---set expiration of list: 0.016 ms
2025/11/25 01:23:34 Entered AppendTCPInfo()
2025/11/25 01:23:34 ---append JSON to Redis DB: 0.017 ms
2025/11/25 01:23:34 ---trim Redis DB: 0.017 ms
2025/11/25 01:23:34 ---set expiration of list: 0.016 ms
2025/11/25 01:23:34 Entered AppendTCPInfo()
2025/11/25 01:23:34 ---append JSON to Redis DB: 0.021 ms
2025/11/25 01:23:34 ---trim Redis DB: 0.021 ms
2025/11/25 01:23:34 ---set expiration of list: 0.019 ms
2025/11/25 01:23:34 Entered AppendTCPInfo()
2025/11/25 01:23:34 ---append JSON to Redis DB: 0.020 ms
2025/11/25 01:23:34 ---trim Redis DB: 0.017 ms
2025/11/25 01:23:34 ---set expiration of list: 0.017 ms
2025/11/25 01:23:34 Entered AppendTCPInfo()
2025/11/25 01:23:34 ---append JSON to Redis DB: 0.017 ms
2025/11/25 01:23:34 ---trim Redis DB: 0.017 ms
2025/11/25 01:23:34 ---set expiration of list: 0.017 ms
2025/11/25 01:23:34 Entered AppendTCPInfo()
2025/11/25 01:23:34 ---append JSON to Redis DB: 0.018 ms
2025/11/25 01:23:34 ---trim Redis DB: 0.016 ms
2025/11/25 01:23:34 ---set expiration of list: 0.016 ms
2025/11/25 01:23:34 Entered AppendTCPInfo()
2025/11/25 01:23:34 ---append JSON to Redis DB: 0.017 ms
2025/11/25 01:23:34 ---trim Redis DB: 0.016 ms
2025/11/25 01:23:34 ---set expiration of list: 0.016 ms
2025/11/25 01:23:34 Entered AppendTCPInfo()
2025/11/25 01:23:34 ---append JSON to Redis DB: 0.018 ms
2025/11/25 01:23:34 ---trim Redis DB: 0.016 ms
2025/11/25 01:23:34 ---set expiration of list: 0.016 ms
2025/11/25 01:23:34 Entered AppendTCPInfo()
2025/11/25 01:23:34 ---append JSON to Redis DB: 0.018 ms
2025/11/25 01:23:34 ---trim Redis DB: 0.017 ms
2025/11/25 01:23:34 ---set expiration of list: 0.017 ms
2025/11/25 01:23:34 Entered AppendTCPInfo()
2025/11/25 01:23:34 ---append JSON to Redis DB: 0.017 ms
2025/11/25 01:23:34 ---trim Redis DB: 0.018 ms
2025/11/25 01:23:34 ---set expiration of list: 0.017 ms
2025/11/25 01:23:34 Entered AppendTCPInfo()
2025/11/25 01:23:34 ---append JSON to Redis DB: 0.017 ms
2025/11/25 01:23:34 ---trim Redis DB: 0.016 ms
2025/11/25 01:23:34 ---set expiration of list: 0.017 ms
2025/11/25 01:23:34 Entered AppendTCPInfo()
2025/11/25 01:23:34 ---append JSON to Redis DB: 0.022 ms
2025/11/25 01:23:34 ---trim Redis DB: 0.017 ms
2025/11/25 01:23:34 ---set expiration of list: 0.017 ms
2025/11/25 01:23:34 Entered AppendTCPInfo()
2025/11/25 01:23:34 ---append JSON to Redis DB: 0.017 ms
2025/11/25 01:23:34 ---trim Redis DB: 0.018 ms
2025/11/25 01:23:34 ---set expiration of list: 0.017 ms
2025/11/25 01:23:34 Entered AppendTCPInfo()
2025/11/25 01:23:34 ---append JSON to Redis DB: 0.017 ms
2025/11/25 01:23:34 ---trim Redis DB: 0.016 ms
2025/11/25 01:23:34 ---set expiration of list: 0.016 ms
2025/11/25 01:23:34 Entered AppendTCPInfo()
2025/11/25 01:23:34 ---append JSON to Redis DB: 0.017 ms
2025/11/25 01:23:34 ---trim Redis DB: 0.016 ms
2025/11/25 01:23:34 ---set expiration of list: 0.017 ms
2025/11/25 01:23:34 Entered AppendTCPInfo()
2025/11/25 01:23:34 ---append JSON to Redis DB: 0.020 ms
2025/11/25 01:23:34 ---trim Redis DB: 0.017 ms
2025/11/25 01:23:34 ---set expiration of list: 0.017 ms
2025/11/25 01:23:34 Entered AppendTCPInfo()
2025/11/25 01:23:34 ---append JSON to Redis DB: 0.022 ms
2025/11/25 01:23:34 ---trim Redis DB: 0.016 ms
2025/11/25 01:23:34 ---set expiration of list: 0.016 ms
2025/11/25 01:23:34 Entered AppendTCPInfo()
2025/11/25 01:23:34 ---append JSON to Redis DB: 0.018 ms
2025/11/25 01:23:34 ---trim Redis DB: 0.018 ms
2025/11/25 01:23:34 ---set expiration of list: 0.017 ms
2025/11/25 01:23:34 Entered AppendTCPInfo()
2025/11/25 01:23:34 ---append JSON to Redis DB: 0.017 ms
2025/11/25 01:23:34 ---trim Redis DB: 0.017 ms
2025/11/25 01:23:34 ---set expiration of list: 0.016 ms
2025/11/25 01:23:34 Entered AppendTCPInfo()
2025/11/25 01:23:34 ---append JSON to Redis DB: 0.017 ms
2025/11/25 01:23:34 ---trim Redis DB: 0.016 ms
2025/11/25 01:23:34 ---set expiration of list: 0.016 ms
2025/11/25 01:23:34 Entered AppendTCPInfo()
2025/11/25 01:23:34 ---append JSON to Redis DB: 0.017 ms
2025/11/25 01:23:34 ---trim Redis DB: 0.017 ms
2025/11/25 01:23:34 ---set expiration of list: 0.018 ms
2025/11/25 01:23:34 Entered AppendTCPInfo()
2025/11/25 01:23:34 ---append JSON to Redis DB: 0.017 ms
2025/11/25 01:23:34 ---trim Redis DB: 0.023 ms
2025/11/25 01:23:34 ---set expiration of list: 0.027 ms
2025/11/25 01:23:34 Entered AppendTCPInfo()
2025/11/25 01:23:34 ---append JSON to Redis DB: 0.027 ms
2025/11/25 01:23:34 ---trim Redis DB: 0.017 ms
2025/11/25 01:23:34 ---set expiration of list: 0.021 ms
2025/11/25 01:23:34 Entered AppendTCPInfo()
2025/11/25 01:23:34 ---append JSON to Redis DB: 0.019 ms
2025/11/25 01:23:34 ---trim Redis DB: 0.017 ms
2025/11/25 01:23:34 ---set expiration of list: 0.016 ms
2025/11/25 01:23:34 Entered AppendTCPInfo()
2025/11/25 01:23:34 ---append JSON to Redis DB: 0.017 ms
2025/11/25 01:23:34 ---trim Redis DB: 0.017 ms
2025/11/25 01:23:34 ---set expiration of list: 0.017 ms
2025/11/25 01:23:34 Entered AppendTCPInfo()
2025/11/25 01:23:34 ---append JSON to Redis DB: 0.017 ms
2025/11/25 01:23:34 ---trim Redis DB: 0.017 ms
2025/11/25 01:23:34 ---set expiration of list: 0.017 ms
2025/11/25 01:23:34 Entered AppendTCPInfo()
2025/11/25 01:23:34 ---append JSON to Redis DB: 0.017 ms
2025/11/25 01:23:34 ---trim Redis DB: 0.017 ms
2025/11/25 01:23:34 ---set expiration of list: 0.016 ms
2025/11/25 01:23:34 Entered AppendTCPInfo()
2025/11/25 01:23:34 ---append JSON to Redis DB: 0.017 ms
2025/11/25 01:23:34 ---trim Redis DB: 0.018 ms
2025/11/25 01:23:34 ---set expiration of list: 0.016 ms
2025/11/25 01:23:34 Entered AppendTCPInfo()
2025/11/25 01:23:34 ---append JSON to Redis DB: 0.020 ms
2025/11/25 01:23:34 ---trim Redis DB: 0.016 ms
2025/11/25 01:23:34 ---set expiration of list: 0.017 ms
2025/11/25 01:23:34 Entered AppendTCPInfo()
2025/11/25 01:23:34 ---append JSON to Redis DB: 0.017 ms
2025/11/25 01:23:34 ---trim Redis DB: 0.018 ms
2025/11/25 01:23:34 ---set expiration of list: 0.016 ms
2025/11/25 01:23:34 Entered AppendTCPInfo()
2025/11/25 01:23:34 ---append JSON to Redis DB: 0.018 ms
2025/11/25 01:23:34 ---trim Redis DB: 0.018 ms
2025/11/25 01:23:34 ---set expiration of list: 0.017 ms
2025/11/25 01:23:34 Entered AppendTCPInfo()
2025/11/25 01:23:34 ---append JSON to Redis DB: 0.017 ms
2025/11/25 01:23:34 ---trim Redis DB: 0.016 ms
2025/11/25 01:23:34 ---set expiration of list: 0.016 ms
2025/11/25 01:23:34 Entered AppendTCPInfo()
2025/11/25 01:23:34 ---append JSON to Redis DB: 0.017 ms
2025/11/25 01:23:34 ---trim Redis DB: 0.016 ms
2025/11/25 01:23:34 ---set expiration of list: 0.016 ms
2025/11/25 01:23:34 Entered AppendTCPInfo()
2025/11/25 01:23:34 ---append JSON to Redis DB: 0.017 ms
2025/11/25 01:23:34 ---trim Redis DB: 0.016 ms
2025/11/25 01:23:34 ---set expiration of list: 0.016 ms
2025/11/25 01:23:34 Entered AppendTCPInfo()
2025/11/25 01:23:34 ---append JSON to Redis DB: 0.017 ms
2025/11/25 01:23:34 ---trim Redis DB: 0.017 ms
2025/11/25 01:23:34 ---set expiration of list: 0.019 ms
2025/11/25 01:23:34 Entered AppendTCPInfo()
2025/11/25 01:23:34 ---append JSON to Redis DB: 0.018 ms
2025/11/25 01:23:34 ---trim Redis DB: 0.017 ms
2025/11/25 01:23:34 ---set expiration of list: 0.020 ms
2025/11/25 01:23:34 Entered AppendTCPInfo()
2025/11/25 01:23:34 ---append JSON to Redis DB: 0.018 ms
2025/11/25 01:23:34 ---trim Redis DB: 0.017 ms
2025/11/25 01:23:34 ---set expiration of list: 0.017 ms
2025/11/25 01:23:34 Entered AppendTCPInfo()
2025/11/25 01:23:34 ---append JSON to Redis DB: 0.019 ms
2025/11/25 01:23:34 ---trim Redis DB: 0.017 ms
2025/11/25 01:23:34 ---set expiration of list: 0.018 ms
2025/11/25 01:23:34 Entered AppendTCPInfo()
2025/11/25 01:23:34 ---append JSON to Redis DB: 0.017 ms
2025/11/25 01:23:34 ---trim Redis DB: 0.019 ms
2025/11/25 01:23:34 ---set expiration of list: 0.017 ms
2025/11/25 01:23:34 Entered AppendTCPInfo()
2025/11/25 01:23:34 ---append JSON to Redis DB: 0.017 ms
2025/11/25 01:23:34 ---trim Redis DB: 0.020 ms
2025/11/25 01:23:34 ---set expiration of list: 0.016 ms
2025/11/25 01:23:34 Entered AppendTCPInfo()
2025/11/25 01:23:34 ---append JSON to Redis DB: 0.019 ms
2025/11/25 01:23:34 ---trim Redis DB: 0.018 ms
2025/11/25 01:23:34 ---set expiration of list: 0.018 ms
2025/11/25 01:23:34 Entered AppendTCPInfo()
2025/11/25 01:23:34 ---append JSON to Redis DB: 0.017 ms
2025/11/25 01:23:34 ---trim Redis DB: 0.017 ms
2025/11/25 01:23:34 ---set expiration of list: 0.016 ms
2025/11/25 01:23:34 Entered AppendTCPInfo()
2025/11/25 01:23:34 ---append JSON to Redis DB: 0.017 ms
2025/11/25 01:23:34 ---trim Redis DB: 0.017 ms
2025/11/25 01:23:34 ---set expiration of list: 0.022 ms
2025/11/25 01:23:34 Entered AppendTCPInfo()
2025/11/25 01:23:34 ---append JSON to Redis DB: 0.018 ms
2025/11/25 01:23:34 ---trim Redis DB: 0.017 ms
2025/11/25 01:23:34 ---set expiration of list: 0.016 ms
2025/11/25 01:23:34 Entered AppendTCPInfo()
2025/11/25 01:23:34 ---append JSON to Redis DB: 0.017 ms
2025/11/25 01:23:34 ---trim Redis DB: 0.017 ms
2025/11/25 01:23:34 ---set expiration of list: 0.016 ms
2025/11/25 01:23:34 Entered AppendTCPInfo()
2025/11/25 01:23:34 ---append JSON to Redis DB: 0.018 ms
2025/11/25 01:23:34 ---trim Redis DB: 0.017 ms
2025/11/25 01:23:34 ---set expiration of list: 0.017 ms
2025/11/25 01:23:34 Entered AppendTCPInfo()
2025/11/25 01:23:34 ---append JSON to Redis DB: 0.017 ms
2025/11/25 01:23:34 ---trim Redis DB: 0.017 ms
2025/11/25 01:23:34 ---set expiration of list: 0.016 ms
2025/11/25 01:23:34 Entered AppendTCPInfo()
2025/11/25 01:23:34 ---append JSON to Redis DB: 0.018 ms
2025/11/25 01:23:34 ---trim Redis DB: 0.017 ms
2025/11/25 01:23:34 ---set expiration of list: 0.017 ms
2025/11/25 01:23:34 Entered AppendTCPInfo()
2025/11/25 01:23:34 ---append JSON to Redis DB: 0.017 ms
2025/11/25 01:23:34 ---trim Redis DB: 0.017 ms
2025/11/25 01:23:34 ---set expiration of list: 0.017 ms
2025/11/25 01:23:34 Entered AppendTCPInfo()
2025/11/25 01:23:34 ---append JSON to Redis DB: 0.017 ms
2025/11/25 01:23:34 ---trim Redis DB: 0.017 ms
2025/11/25 01:23:34 ---set expiration of list: 0.016 ms
2025/11/25 01:23:34 Entered AppendTCPInfo()
2025/11/25 01:23:34 ---append JSON to Redis DB: 0.017 ms
2025/11/25 01:23:34 ---trim Redis DB: 0.016 ms
2025/11/25 01:23:34 ---set expiration of list: 0.016 ms
2025/11/25 01:23:34 Entered AppendTCPInfo()
2025/11/25 01:23:34 ---append JSON to Redis DB: 0.017 ms
2025/11/25 01:23:34 ---trim Redis DB: 0.017 ms
2025/11/25 01:23:34 ---set expiration of list: 0.016 ms
2025/11/25 01:23:34 Entered AppendTCPInfo()
2025/11/25 01:23:34 ---append JSON to Redis DB: 0.018 ms
2025/11/25 01:23:34 ---trim Redis DB: 0.017 ms
2025/11/25 01:23:34 ---set expiration of list: 0.017 ms
2025/11/25 01:23:34 Entered AppendTCPInfo()
2025/11/25 01:23:34 ---append JSON to Redis DB: 0.018 ms
2025/11/25 01:23:34 ---trim Redis DB: 0.018 ms
2025/11/25 01:23:34 ---set expiration of list: 0.019 ms
2025/11/25 01:23:34 Entered AppendTCPInfo()
2025/11/25 01:23:34 ---append JSON to Redis DB: 0.017 ms
2025/11/25 01:23:34 ---trim Redis DB: 0.017 ms
2025/11/25 01:23:34 ---set expiration of list: 0.016 ms
2025/11/25 01:23:34 Entered AppendTCPInfo()
2025/11/25 01:23:34 ---append JSON to Redis DB: 0.017 ms
2025/11/25 01:23:34 ---trim Redis DB: 0.016 ms
2025/11/25 01:23:34 ---set expiration of list: 0.016 ms
2025/11/25 01:23:34 Entered AppendTCPInfo()
2025/11/25 01:23:34 ---append JSON to Redis DB: 0.018 ms
2025/11/25 01:23:34 ---trim Redis DB: 0.017 ms
2025/11/25 01:23:34 ---set expiration of list: 0.017 ms
2025/11/25 01:23:34 Entered AppendTCPInfo()
2025/11/25 01:23:34 ---append JSON to Redis DB: 0.017 ms
2025/11/25 01:23:34 ---trim Redis DB: 0.016 ms
2025/11/25 01:23:34 ---set expiration of list: 0.016 ms
2025/11/25 01:23:34 Entered AppendTCPInfo()
2025/11/25 01:23:34 ---append JSON to Redis DB: 0.017 ms
2025/11/25 01:23:34 ---trim Redis DB: 0.018 ms
2025/11/25 01:23:34 ---set expiration of list: 0.016 ms
2025/11/25 01:23:34 Entered AppendTCPInfo()
2025/11/25 01:23:34 ---append JSON to Redis DB: 0.018 ms
2025/11/25 01:23:34 ---trim Redis DB: 0.017 ms
2025/11/25 01:23:34 ---set expiration of list: 0.017 ms
2025/11/25 01:23:34 Entered AppendTCPInfo()
2025/11/25 01:23:34 ---append JSON to Redis DB: 0.019 ms
2025/11/25 01:23:34 ---trim Redis DB: 0.022 ms
2025/11/25 01:23:34 ---set expiration of list: 0.020 ms
2025/11/25 01:23:34 Entered AppendTCPInfo()
2025/11/25 01:23:34 ---append JSON to Redis DB: 0.026 ms
2025/11/25 01:23:34 ---trim Redis DB: 0.034 ms
2025/11/25 01:23:34 ---set expiration of list: 0.016 ms
2025/11/25 01:23:34 Entered AppendTCPInfo()
2025/11/25 01:23:34 ---append JSON to Redis DB: 0.020 ms
2025/11/25 01:23:34 ---trim Redis DB: 0.021 ms
2025/11/25 01:23:34 ---set expiration of list: 0.017 ms
2025/11/25 01:23:34 Entered AppendTCPInfo()
2025/11/25 01:23:34 ---append JSON to Redis DB: 0.018 ms
2025/11/25 01:23:34 ---trim Redis DB: 0.018 ms
2025/11/25 01:23:34 ---set expiration of list: 0.017 ms
2025/11/25 01:23:34 Entered AppendTCPInfo()
2025/11/25 01:23:34 ---append JSON to Redis DB: 0.019 ms
2025/11/25 01:23:34 ---trim Redis DB: 0.017 ms
2025/11/25 01:23:34 ---set expiration of list: 0.016 ms
2025/11/25 01:23:34 Entered AppendTCPInfo()
2025/11/25 01:23:34 ---append JSON to Redis DB: 0.018 ms
2025/11/25 01:23:34 ---trim Redis DB: 0.016 ms
2025/11/25 01:23:34 ---set expiration of list: 0.016 ms
2025/11/25 01:23:34 Entered AppendTCPInfo()
2025/11/25 01:23:34 ---append JSON to Redis DB: 0.020 ms
2025/11/25 01:23:34 ---trim Redis DB: 0.016 ms
2025/11/25 01:23:34 ---set expiration of list: 0.017 ms
2025/11/25 01:23:34 Entered AppendTCPInfo()
2025/11/25 01:23:34 ---append JSON to Redis DB: 0.017 ms
2025/11/25 01:23:34 ---trim Redis DB: 0.017 ms
2025/11/25 01:23:34 ---set expiration of list: 0.016 ms
2025/11/25 01:23:34 Entered AppendTCPInfo()
2025/11/25 01:23:34 ---append JSON to Redis DB: 0.017 ms
2025/11/25 01:23:34 ---trim Redis DB: 0.017 ms
2025/11/25 01:23:34 ---set expiration of list: 0.016 ms
2025/11/25 01:23:34 Entered AppendTCPInfo()
2025/11/25 01:23:34 ---append JSON to Redis DB: 0.020 ms
2025/11/25 01:23:34 ---trim Redis DB: 0.017 ms
2025/11/25 01:23:34 ---set expiration of list: 0.019 ms
2025/11/25 01:23:34 Entered AppendTCPInfo()
2025/11/25 01:23:34 ---append JSON to Redis DB: 0.022 ms
2025/11/25 01:23:34 ---trim Redis DB: 0.016 ms
2025/11/25 01:23:34 ---set expiration of list: 0.018 ms
2025/11/25 01:23:34 Entered AppendTCPInfo()
2025/11/25 01:23:34 ---append JSON to Redis DB: 0.017 ms
2025/11/25 01:23:34 ---trim Redis DB: 0.016 ms
2025/11/25 01:23:34 ---set expiration of list: 0.017 ms
2025/11/25 01:23:34 Entered AppendTCPInfo()
2025/11/25 01:23:34 ---append JSON to Redis DB: 0.017 ms
2025/11/25 01:23:34 ---trim Redis DB: 0.017 ms
2025/11/25 01:23:34 ---set expiration of list: 0.017 ms
2025/11/25 01:23:34 Entered AppendTCPInfo()
2025/11/25 01:23:34 ---append JSON to Redis DB: 0.017 ms
2025/11/25 01:23:34 ---trim Redis DB: 0.016 ms
2025/11/25 01:23:34 ---set expiration of list: 0.016 ms
2025/11/25 01:23:34 Entered AppendTCPInfo()
2025/11/25 01:23:34 ---append JSON to Redis DB: 0.017 ms
2025/11/25 01:23:34 ---trim Redis DB: 0.016 ms
2025/11/25 01:23:34 ---set expiration of list: 0.016 ms
2025/11/25 01:23:34 Entered AppendTCPInfo()
2025/11/25 01:23:34 ---append JSON to Redis DB: 0.017 ms
2025/11/25 01:23:34 ---trim Redis DB: 0.017 ms
2025/11/25 01:23:34 ---set expiration of list: 0.017 ms
2025/11/25 01:23:34 Entered AppendTCPInfo()
2025/11/25 01:23:34 ---append JSON to Redis DB: 0.020 ms
2025/11/25 01:23:34 ---trim Redis DB: 0.017 ms
2025/11/25 01:23:34 ---set expiration of list: 0.016 ms
2025/11/25 01:23:34 Entered AppendTCPInfo()
2025/11/25 01:23:34 ---append JSON to Redis DB: 0.017 ms
2025/11/25 01:23:34 ---trim Redis DB: 0.019 ms
2025/11/25 01:23:34 ---set expiration of list: 0.023 ms
2025/11/25 01:23:34 Entered AppendTCPInfo()
2025/11/25 01:23:34 ---append JSON to Redis DB: 0.019 ms
2025/11/25 01:23:34 ---trim Redis DB: 0.017 ms
2025/11/25 01:23:34 ---set expiration of list: 0.016 ms
2025/11/25 01:23:34 Entered AppendTCPInfo()
2025/11/25 01:23:34 ---append JSON to Redis DB: 0.017 ms
2025/11/25 01:23:34 ---trim Redis DB: 0.017 ms
2025/11/25 01:23:34 ---set expiration of list: 0.016 ms
2025/11/25 01:23:34 Entered AppendTCPInfo()
2025/11/25 01:23:34 ---append JSON to Redis DB: 0.017 ms
2025/11/25 01:23:34 ---trim Redis DB: 0.017 ms
2025/11/25 01:23:34 ---set expiration of list: 0.016 ms
2025/11/25 01:23:34 Entered AppendTCPInfo()
2025/11/25 01:23:34 ---append JSON to Redis DB: 0.017 ms
2025/11/25 01:23:34 ---trim Redis DB: 0.017 ms
2025/11/25 01:23:34 ---set expiration of list: 0.017 ms
2025/11/25 01:23:34 Entered AppendTCPInfo()
2025/11/25 01:23:34 ---append JSON to Redis DB: 0.018 ms
2025/11/25 01:23:34 ---trim Redis DB: 0.016 ms
2025/11/25 01:23:34 ---set expiration of list: 0.016 ms
2025/11/25 01:23:34 Entered AppendTCPInfo()
2025/11/25 01:23:34 ---append JSON to Redis DB: 0.017 ms
2025/11/25 01:23:34 ---trim Redis DB: 0.017 ms
2025/11/25 01:23:34 ---set expiration of list: 0.016 ms
2025/11/25 01:23:34 Entered AppendTCPInfo()
2025/11/25 01:23:34 ---append JSON to Redis DB: 0.017 ms
2025/11/25 01:23:34 ---trim Redis DB: 0.017 ms
2025/11/25 01:23:34 ---set expiration of list: 0.023 ms
2025/11/25 01:23:34 Entered AppendTCPInfo()
2025/11/25 01:23:34 ---append JSON to Redis DB: 0.018 ms
2025/11/25 01:23:34 ---trim Redis DB: 0.019 ms
2025/11/25 01:23:34 ---set expiration of list: 0.018 ms
2025/11/25 01:23:34 Entered AppendTCPInfo()
2025/11/25 01:23:34 ---append JSON to Redis DB: 0.020 ms
2025/11/25 01:23:34 ---trim Redis DB: 0.017 ms
2025/11/25 01:23:34 ---set expiration of list: 0.016 ms
2025/11/25 01:23:34 Entered AppendTCPInfo()
2025/11/25 01:23:34 ---append JSON to Redis DB: 0.017 ms
2025/11/25 01:23:34 ---trim Redis DB: 0.017 ms
2025/11/25 01:23:34 ---set expiration of list: 0.017 ms
2025/11/25 01:23:34 Entered AppendTCPInfo()
2025/11/25 01:23:34 ---append JSON to Redis DB: 0.017 ms
2025/11/25 01:23:34 ---trim Redis DB: 0.018 ms
2025/11/25 01:23:34 ---set expiration of list: 0.018 ms
2025/11/25 01:23:34 Entered AppendTCPInfo()
2025/11/25 01:23:34 ---append JSON to Redis DB: 0.019 ms
2025/11/25 01:23:34 ---trim Redis DB: 0.016 ms
2025/11/25 01:23:34 ---set expiration of list: 0.017 ms
2025/11/25 01:23:34 Entered AppendTCPInfo()
2025/11/25 01:23:34 ---append JSON to Redis DB: 0.017 ms
2025/11/25 01:23:34 ---trim Redis DB: 0.016 ms
2025/11/25 01:23:34 ---set expiration of list: 0.017 ms
2025/11/25 01:23:34 Entered AppendTCPInfo()
2025/11/25 01:23:34 ---append JSON to Redis DB: 0.017 ms
2025/11/25 01:23:34 ---trim Redis DB: 0.016 ms
2025/11/25 01:23:34 ---set expiration of list: 0.016 ms
2025/11/25 01:23:34 Entered AppendTCPInfo()
2025/11/25 01:23:34 ---append JSON to Redis DB: 0.017 ms
2025/11/25 01:23:34 ---trim Redis DB: 0.016 ms
2025/11/25 01:23:34 ---set expiration of list: 0.017 ms
2025/11/25 01:23:34 Entered AppendTCPInfo()
2025/11/25 01:23:34 ---append JSON to Redis DB: 0.017 ms
2025/11/25 01:23:34 ---trim Redis DB: 0.020 ms
2025/11/25 01:23:34 ---set expiration of list: 0.020 ms
2025/11/25 01:23:34 Entered AppendTCPInfo()
2025/11/25 01:23:34 ---append JSON to Redis DB: 0.016 ms
2025/11/25 01:23:34 ---trim Redis DB: 0.018 ms
2025/11/25 01:23:34 ---set expiration of list: 0.017 ms
2025/11/25 01:23:34 Entered AppendTCPInfo()
2025/11/25 01:23:34 ---append JSON to Redis DB: 0.018 ms
2025/11/25 01:23:34 ---trim Redis DB: 0.016 ms
2025/11/25 01:23:34 ---set expiration of list: 0.016 ms
2025/11/25 01:23:34 Entered AppendTCPInfo()
2025/11/25 01:23:34 ---append JSON to Redis DB: 0.017 ms
2025/11/25 01:23:34 ---trim Redis DB: 0.017 ms
2025/11/25 01:23:34 ---set expiration of list: 0.017 ms
2025/11/25 01:23:34 Entered AppendTCPInfo()
2025/11/25 01:23:34 ---append JSON to Redis DB: 0.016 ms
2025/11/25 01:23:34 ---trim Redis DB: 0.017 ms
2025/11/25 01:23:34 ---set expiration of list: 0.016 ms
2025/11/25 01:23:34 Entered AppendTCPInfo()
2025/11/25 01:23:34 ---append JSON to Redis DB: 0.018 ms
2025/11/25 01:23:34 ---trim Redis DB: 0.017 ms
2025/11/25 01:23:34 ---set expiration of list: 0.016 ms
2025/11/25 01:23:34 Entered AppendTCPInfo()
2025/11/25 01:23:34 ---append JSON to Redis DB: 0.017 ms
2025/11/25 01:23:34 ---trim Redis DB: 0.017 ms
2025/11/25 01:23:34 ---set expiration of list: 0.016 ms
2025/11/25 01:23:34 Entered AppendTCPInfo()
2025/11/25 01:23:34 ---append JSON to Redis DB: 0.017 ms
2025/11/25 01:23:34 ---trim Redis DB: 0.017 ms
2025/11/25 01:23:34 ---set expiration of list: 0.016 ms
2025/11/25 01:23:34 Entered AppendTCPInfo()
2025/11/25 01:23:34 ---append JSON to Redis DB: 0.017 ms
2025/11/25 01:23:34 ---trim Redis DB: 0.027 ms
2025/11/25 01:23:34 ---set expiration of list: 0.017 ms
2025/11/25 01:23:34 Entered AppendTCPInfo()
2025/11/25 01:23:34 ---append JSON to Redis DB: 0.017 ms
2025/11/25 01:23:34 ---trim Redis DB: 0.017 ms
2025/11/25 01:23:34 ---set expiration of list: 0.017 ms
2025/11/25 01:23:34 Entered AppendTCPInfo()
2025/11/25 01:23:34 ---append JSON to Redis DB: 0.017 ms
2025/11/25 01:23:34 ---trim Redis DB: 0.017 ms
2025/11/25 01:23:34 ---set expiration of list: 0.016 ms
2025/11/25 01:23:34 Entered AppendTCPInfo()
2025/11/25 01:23:34 ---append JSON to Redis DB: 0.017 ms
2025/11/25 01:23:34 ---trim Redis DB: 0.017 ms
2025/11/25 01:23:34 ---set expiration of list: 0.017 ms
2025/11/25 01:23:34 Entered AppendTCPInfo()
2025/11/25 01:23:34 ---append JSON to Redis DB: 0.017 ms
2025/11/25 01:23:34 ---trim Redis DB: 0.017 ms
2025/11/25 01:23:34 ---set expiration of list: 0.016 ms
2025/11/25 01:23:34 Entered AppendTCPInfo()
2025/11/25 01:23:34 ---append JSON to Redis DB: 0.017 ms
2025/11/25 01:23:34 ---trim Redis DB: 0.017 ms
2025/11/25 01:23:34 ---set expiration of list: 0.020 ms
2025/11/25 01:23:34 Entered AppendTCPInfo()
2025/11/25 01:23:34 ---append JSON to Redis DB: 0.020 ms
2025/11/25 01:23:34 ---trim Redis DB: 0.017 ms
2025/11/25 01:23:34 ---set expiration of list: 0.016 ms
2025/11/25 01:23:34 Entered AppendTCPInfo()
2025/11/25 01:23:34 ---append JSON to Redis DB: 0.017 ms
2025/11/25 01:23:34 ---trim Redis DB: 0.017 ms
2025/11/25 01:23:34 ---set expiration of list: 0.016 ms
2025/11/25 01:23:34 Entered AppendTCPInfo()
2025/11/25 01:23:34 ---append JSON to Redis DB: 0.017 ms
2025/11/25 01:23:34 ---trim Redis DB: 0.016 ms
2025/11/25 01:23:34 ---set expiration of list: 0.017 ms
2025/11/25 01:23:34 Entered AppendTCPInfo()
2025/11/25 01:23:34 ---append JSON to Redis DB: 0.017 ms
2025/11/25 01:23:34 ---trim Redis DB: 0.017 ms
2025/11/25 01:23:34 ---set expiration of list: 0.017 ms
2025/11/25 01:23:34 Entered AppendTCPInfo()
2025/11/25 01:23:34 ---append JSON to Redis DB: 0.017 ms
2025/11/25 01:23:34 ---trim Redis DB: 0.016 ms
2025/11/25 01:23:34 ---set expiration of list: 0.018 ms
2025/11/25 01:23:34 Entered AppendTCPInfo()
2025/11/25 01:23:34 ---append JSON to Redis DB: 0.017 ms
2025/11/25 01:23:34 ---trim Redis DB: 0.017 ms
2025/11/25 01:23:34 ---set expiration of list: 0.017 ms
2025/11/25 01:23:34 Entered AppendTCPInfo()
2025/11/25 01:23:34 ---append JSON to Redis DB: 0.017 ms
2025/11/25 01:23:34 ---trim Redis DB: 0.016 ms
2025/11/25 01:23:34 ---set expiration of list: 0.016 ms
2025/11/25 01:23:34 Entered AppendTCPInfo()
2025/11/25 01:23:34 ---append JSON to Redis DB: 0.017 ms
2025/11/25 01:23:34 ---trim Redis DB: 0.017 ms
2025/11/25 01:23:34 ---set expiration of list: 0.016 ms
2025/11/25 01:23:34 Entered AppendTCPInfo()
2025/11/25 01:23:34 ---append JSON to Redis DB: 0.021 ms
2025/11/25 01:23:34 ---trim Redis DB: 0.017 ms
2025/11/25 01:23:34 ---set expiration of list: 0.017 ms
2025/11/25 01:23:34 Entered AppendTCPInfo()
2025/11/25 01:23:34 ---append JSON to Redis DB: 0.018 ms
2025/11/25 01:23:34 ---trim Redis DB: 0.018 ms
2025/11/25 01:23:34 ---set expiration of list: 0.019 ms
2025/11/25 01:23:34 Entered AppendTCPInfo()
2025/11/25 01:23:34 ---append JSON to Redis DB: 0.018 ms
2025/11/25 01:23:34 ---trim Redis DB: 0.017 ms
2025/11/25 01:23:34 ---set expiration of list: 0.017 ms
2025/11/25 01:23:34 Entered AppendTCPInfo()
2025/11/25 01:23:34 ---append JSON to Redis DB: 0.018 ms
2025/11/25 01:23:34 ---trim Redis DB: 0.017 ms
2025/11/25 01:23:34 ---set expiration of list: 0.016 ms
2025/11/25 01:23:34 Entered AppendTCPInfo()
2025/11/25 01:23:34 ---append JSON to Redis DB: 0.017 ms
2025/11/25 01:23:34 ---trim Redis DB: 0.017 ms
2025/11/25 01:23:34 ---set expiration of list: 0.016 ms
2025/11/25 01:23:34 Entered AppendTCPInfo()
2025/11/25 01:23:34 ---append JSON to Redis DB: 0.017 ms
2025/11/25 01:23:34 ---trim Redis DB: 0.016 ms
2025/11/25 01:23:34 ---set expiration of list: 0.016 ms
2025/11/25 01:23:34 Entered AppendTCPInfo()
2025/11/25 01:23:34 ---append JSON to Redis DB: 0.017 ms
2025/11/25 01:23:34 ---trim Redis DB: 0.017 ms
2025/11/25 01:23:34 ---set expiration of list: 0.018 ms
2025/11/25 01:23:34 Entered AppendTCPInfo()
2025/11/25 01:23:34 ---append JSON to Redis DB: 0.017 ms
2025/11/25 01:23:34 ---trim Redis DB: 0.017 ms
2025/11/25 01:23:34 ---set expiration of list: 0.016 ms
2025/11/25 01:23:34 Entered AppendTCPInfo()
2025/11/25 01:23:34 ---append JSON to Redis DB: 0.017 ms
2025/11/25 01:23:34 ---trim Redis DB: 0.017 ms
2025/11/25 01:23:34 ---set expiration of list: 0.017 ms
2025/11/25 01:23:34 Entered AppendTCPInfo()
2025/11/25 01:23:34 ---append JSON to Redis DB: 0.018 ms
2025/11/25 01:23:34 ---trim Redis DB: 0.017 ms
2025/11/25 01:23:34 ---set expiration of list: 0.017 ms
2025/11/25 01:23:34 Entered AppendTCPInfo()
2025/11/25 01:23:34 ---append JSON to Redis DB: 0.017 ms
2025/11/25 01:23:34 ---trim Redis DB: 0.017 ms
2025/11/25 01:23:34 ---set expiration of list: 0.016 ms
2025/11/25 01:23:34 Entered AppendTCPInfo()
2025/11/25 01:23:34 ---append JSON to Redis DB: 0.018 ms
2025/11/25 01:23:34 ---trim Redis DB: 0.017 ms
2025/11/25 01:23:34 ---set expiration of list: 0.018 ms
2025/11/25 01:23:34 Entered AppendTCPInfo()
2025/11/25 01:23:34 ---append JSON to Redis DB: 0.019 ms
2025/11/25 01:23:34 ---trim Redis DB: 0.017 ms
2025/11/25 01:23:34 ---set expiration of list: 0.017 ms
2025/11/25 01:23:34 Entered AppendTCPInfo()
2025/11/25 01:23:34 ---append JSON to Redis DB: 0.017 ms
2025/11/25 01:23:34 ---trim Redis DB: 0.017 ms
2025/11/25 01:23:34 ---set expiration of list: 0.017 ms
2025/11/25 01:23:34 Entered AppendTCPInfo()
2025/11/25 01:23:34 ---append JSON to Redis DB: 0.017 ms
2025/11/25 01:23:34 ---trim Redis DB: 0.017 ms
2025/11/25 01:23:34 ---set expiration of list: 0.016 ms
2025/11/25 01:23:34 Entered AppendTCPInfo()
2025/11/25 01:23:34 ---append JSON to Redis DB: 0.017 ms
2025/11/25 01:23:34 ---trim Redis DB: 0.017 ms
2025/11/25 01:23:34 ---set expiration of list: 0.016 ms
2025/11/25 01:23:34 Entered AppendTCPInfo()
2025/11/25 01:23:34 ---append JSON to Redis DB: 0.017 ms
2025/11/25 01:23:34 ---trim Redis DB: 0.016 ms
2025/11/25 01:23:34 ---set expiration of list: 0.017 ms
2025/11/25 01:23:34 Entered AppendTCPInfo()
2025/11/25 01:23:34 ---append JSON to Redis DB: 0.017 ms
2025/11/25 01:23:34 ---trim Redis DB: 0.017 ms
2025/11/25 01:23:34 ---set expiration of list: 0.016 ms
2025/11/25 01:23:34 Entered AppendTCPInfo()
2025/11/25 01:23:34 ---append JSON to Redis DB: 0.018 ms
2025/11/25 01:23:34 ---trim Redis DB: 0.017 ms
2025/11/25 01:23:34 ---set expiration of list: 0.016 ms
2025/11/25 01:23:34 Entered AppendTCPInfo()
2025/11/25 01:23:34 ---append JSON to Redis DB: 0.018 ms
2025/11/25 01:23:34 ---trim Redis DB: 0.017 ms
2025/11/25 01:23:34 ---set expiration of list: 0.016 ms
2025/11/25 01:23:34 Entered AppendTCPInfo()
2025/11/25 01:23:34 ---append JSON to Redis DB: 0.020 ms
2025/11/25 01:23:34 ---trim Redis DB: 0.025 ms
2025/11/25 01:23:34 ---set expiration of list: 0.018 ms
2025/11/25 01:23:34 Entered AppendTCPInfo()
2025/11/25 01:23:34 ---append JSON to Redis DB: 0.019 ms
2025/11/25 01:23:34 ---trim Redis DB: 0.019 ms
2025/11/25 01:23:34 ---set expiration of list: 0.028 ms
2025/11/25 01:23:34 Entered AppendTCPInfo()
2025/11/25 01:23:34 ---append JSON to Redis DB: 0.023 ms
2025/11/25 01:23:34 ---trim Redis DB: 0.029 ms
2025/11/25 01:23:34 ---set expiration of list: 0.026 ms
2025/11/25 01:23:34 Entered AppendTCPInfo()
2025/11/25 01:23:34 ---append JSON to Redis DB: 0.020 ms
2025/11/25 01:23:34 ---trim Redis DB: 0.018 ms
2025/11/25 01:23:34 ---set expiration of list: 0.018 ms
2025/11/25 01:23:34 Entered AppendTCPInfo()
2025/11/25 01:23:34 ---append JSON to Redis DB: 0.017 ms
2025/11/25 01:23:34 ---trim Redis DB: 0.019 ms
2025/11/25 01:23:34 ---set expiration of list: 0.016 ms
2025/11/25 01:23:34 Entered AppendTCPInfo()
2025/11/25 01:23:34 ---append JSON to Redis DB: 0.017 ms
2025/11/25 01:23:34 ---trim Redis DB: 0.021 ms
2025/11/25 01:23:34 ---set expiration of list: 0.017 ms
2025/11/25 01:23:34 Entered AppendTCPInfo()
2025/11/25 01:23:34 ---append JSON to Redis DB: 0.018 ms
2025/11/25 01:23:34 ---trim Redis DB: 0.017 ms
2025/11/25 01:23:34 ---set expiration of list: 0.016 ms
2025/11/25 01:23:34 Entered AppendTCPInfo()
2025/11/25 01:23:34 ---append JSON to Redis DB: 0.017 ms
2025/11/25 01:23:34 ---trim Redis DB: 0.017 ms
2025/11/25 01:23:34 ---set expiration of list: 0.017 ms
2025/11/25 01:23:34 Entered AppendTCPInfo()
2025/11/25 01:23:34 ---append JSON to Redis DB: 0.017 ms
2025/11/25 01:23:34 ---trim Redis DB: 0.017 ms
2025/11/25 01:23:34 ---set expiration of list: 0.016 ms
2025/11/25 01:23:34 Entered AppendTCPInfo()
2025/11/25 01:23:34 ---append JSON to Redis DB: 0.017 ms
2025/11/25 01:23:34 ---trim Redis DB: 0.017 ms
2025/11/25 01:23:34 ---set expiration of list: 0.016 ms
2025/11/25 01:23:34 Entered AppendTCPInfo()
2025/11/25 01:23:34 ---append JSON to Redis DB: 0.017 ms
2025/11/25 01:23:34 ---trim Redis DB: 0.018 ms
2025/11/25 01:23:34 ---set expiration of list: 0.017 ms
2025/11/25 01:23:34 Entered AppendTCPInfo()
2025/11/25 01:23:34 ---append JSON to Redis DB: 0.018 ms
2025/11/25 01:23:34 ---trim Redis DB: 0.017 ms
2025/11/25 01:23:34 ---set expiration of list: 0.017 ms
2025/11/25 01:23:34 Entered AppendTCPInfo()
2025/11/25 01:23:34 ---append JSON to Redis DB: 0.017 ms
2025/11/25 01:23:34 ---trim Redis DB: 0.017 ms
2025/11/25 01:23:34 ---set expiration of list: 0.016 ms
2025/11/25 01:23:34 Entered AppendTCPInfo()
2025/11/25 01:23:34 ---append JSON to Redis DB: 0.021 ms
2025/11/25 01:23:34 ---trim Redis DB: 0.016 ms
2025/11/25 01:23:34 ---set expiration of list: 0.016 ms
2025/11/25 01:23:34 Entered AppendTCPInfo()
2025/11/25 01:23:34 ---append JSON to Redis DB: 0.017 ms
2025/11/25 01:23:34 ---trim Redis DB: 0.016 ms
2025/11/25 01:23:34 ---set expiration of list: 0.016 ms
2025/11/25 01:23:34 Entered AppendTCPInfo()
2025/11/25 01:23:34 ---append JSON to Redis DB: 0.018 ms
2025/11/25 01:23:34 ---trim Redis DB: 0.016 ms
2025/11/25 01:23:34 ---set expiration of list: 0.016 ms
2025/11/25 01:23:34 Entered AppendTCPInfo()
2025/11/25 01:23:34 ---append JSON to Redis DB: 0.017 ms
2025/11/25 01:23:34 ---trim Redis DB: 0.017 ms
2025/11/25 01:23:34 ---set expiration of list: 0.017 ms
2025/11/25 01:23:34 Entered AppendTCPInfo()
2025/11/25 01:23:34 ---append JSON to Redis DB: 0.017 ms
2025/11/25 01:23:34 ---trim Redis DB: 0.017 ms
2025/11/25 01:23:34 ---set expiration of list: 0.017 ms
2025/11/25 01:23:34 Entered AppendTCPInfo()
2025/11/25 01:23:34 ---append JSON to Redis DB: 0.020 ms
2025/11/25 01:23:34 ---trim Redis DB: 0.023 ms
2025/11/25 01:23:34 ---set expiration of list: 0.017 ms
2025/11/25 01:23:34 Entered AppendTCPInfo()
2025/11/25 01:23:34 ---append JSON to Redis DB: 0.018 ms
2025/11/25 01:23:34 ---trim Redis DB: 0.018 ms
2025/11/25 01:23:34 ---set expiration of list: 0.019 ms
2025/11/25 01:23:34 Entered AppendTCPInfo()
2025/11/25 01:23:34 ---append JSON to Redis DB: 0.019 ms
2025/11/25 01:23:34 ---trim Redis DB: 0.017 ms
2025/11/25 01:23:34 ---set expiration of list: 0.017 ms
2025/11/25 01:23:34 Entered AppendTCPInfo()
2025/11/25 01:23:34 ---append JSON to Redis DB: 0.017 ms
2025/11/25 01:23:34 ---trim Redis DB: 0.017 ms
2025/11/25 01:23:34 ---set expiration of list: 0.017 ms
2025/11/25 01:23:34 Entered AppendTCPInfo()
2025/11/25 01:23:34 ---append JSON to Redis DB: 0.018 ms
2025/11/25 01:23:34 ---trim Redis DB: 0.017 ms
2025/11/25 01:23:34 ---set expiration of list: 0.017 ms
2025/11/25 01:23:34 Entered AppendTCPInfo()
2025/11/25 01:23:34 ---append JSON to Redis DB: 0.017 ms
2025/11/25 01:23:34 ---trim Redis DB: 0.016 ms
2025/11/25 01:23:34 ---set expiration of list: 0.017 ms
2025/11/25 01:23:34 Entered AppendTCPInfo()
2025/11/25 01:23:34 ---append JSON to Redis DB: 0.017 ms
2025/11/25 01:23:34 ---trim Redis DB: 0.017 ms
2025/11/25 01:23:34 ---set expiration of list: 0.016 ms
2025/11/25 01:23:34 Entered AppendTCPInfo()
2025/11/25 01:23:34 ---append JSON to Redis DB: 0.017 ms
2025/11/25 01:23:34 ---trim Redis DB: 0.016 ms
2025/11/25 01:23:34 ---set expiration of list: 0.017 ms
2025/11/25 01:23:34 Entered AppendTCPInfo()
2025/11/25 01:23:34 ---append JSON to Redis DB: 0.017 ms
2025/11/25 01:23:34 ---trim Redis DB: 0.017 ms
2025/11/25 01:23:34 ---set expiration of list: 0.016 ms
2025/11/25 01:23:34 Entered AppendTCPInfo()
2025/11/25 01:23:34 ---append JSON to Redis DB: 0.022 ms
2025/11/25 01:23:34 ---trim Redis DB: 0.019 ms
2025/11/25 01:23:34 ---set expiration of list: 0.018 ms
2025/11/25 01:23:34 Entered AppendTCPInfo()
2025/11/25 01:23:34 ---append JSON to Redis DB: 0.017 ms
2025/11/25 01:23:34 ---trim Redis DB: 0.017 ms
2025/11/25 01:23:34 ---set expiration of list: 0.016 ms
2025/11/25 01:23:34 Entered AppendTCPInfo()
2025/11/25 01:23:34 ---append JSON to Redis DB: 0.017 ms
2025/11/25 01:23:34 ---trim Redis DB: 0.016 ms
2025/11/25 01:23:34 ---set expiration of list: 0.017 ms
2025/11/25 01:23:34 Entered AppendTCPInfo()
2025/11/25 01:23:34 ---append JSON to Redis DB: 0.017 ms
2025/11/25 01:23:34 ---trim Redis DB: 0.017 ms
2025/11/25 01:23:34 ---set expiration of list: 0.017 ms
2025/11/25 01:23:34 Entered AppendTCPInfo()
2025/11/25 01:23:34 ---append JSON to Redis DB: 0.017 ms
2025/11/25 01:23:34 ---trim Redis DB: 0.017 ms
2025/11/25 01:23:34 ---set expiration of list: 0.016 ms
2025/11/25 01:23:34 Entered AppendTCPInfo()
2025/11/25 01:23:34 ---append JSON to Redis DB: 0.017 ms
2025/11/25 01:23:34 ---trim Redis DB: 0.016 ms
2025/11/25 01:23:34 ---set expiration of list: 0.016 ms
2025/11/25 01:23:34 Entered AppendTCPInfo()
2025/11/25 01:23:34 ---append JSON to Redis DB: 0.017 ms
2025/11/25 01:23:34 ---trim Redis DB: 0.016 ms
2025/11/25 01:23:34 ---set expiration of list: 0.018 ms
2025/11/25 01:23:34 Entered AppendTCPInfo()
2025/11/25 01:23:34 ---append JSON to Redis DB: 0.019 ms
2025/11/25 01:23:34 ---trim Redis DB: 0.016 ms
2025/11/25 01:23:34 ---set expiration of list: 0.016 ms
2025/11/25 01:23:34 Entered AppendTCPInfo()
2025/11/25 01:23:34 ---append JSON to Redis DB: 0.017 ms
2025/11/25 01:23:34 ---trim Redis DB: 0.017 ms
2025/11/25 01:23:34 ---set expiration of list: 0.016 ms
2025/11/25 01:23:34 Entered AppendTCPInfo()
2025/11/25 01:23:34 ---append JSON to Redis DB: 0.017 ms
2025/11/25 01:23:34 ---trim Redis DB: 0.017 ms
2025/11/25 01:23:34 ---set expiration of list: 0.016 ms
2025/11/25 01:23:34 Entered AppendTCPInfo()
2025/11/25 01:23:34 ---append JSON to Redis DB: 0.017 ms
2025/11/25 01:23:34 ---trim Redis DB: 0.016 ms
2025/11/25 01:23:34 ---set expiration of list: 0.017 ms
2025/11/25 01:23:34 Entered AppendTCPInfo()
2025/11/25 01:23:34 ---append JSON to Redis DB: 0.017 ms
2025/11/25 01:23:34 ---trim Redis DB: 0.022 ms
2025/11/25 01:23:34 ---set expiration of list: 0.016 ms
2025/11/25 01:23:34 Entered AppendTCPInfo()
2025/11/25 01:23:34 ---append JSON to Redis DB: 0.017 ms
2025/11/25 01:23:34 ---trim Redis DB: 0.016 ms
2025/11/25 01:23:34 ---set expiration of list: 0.016 ms
2025/11/25 01:23:34 Entered AppendTCPInfo()
2025/11/25 01:23:34 ---append JSON to Redis DB: 0.017 ms
2025/11/25 01:23:34 ---trim Redis DB: 0.016 ms
2025/11/25 01:23:34 ---set expiration of list: 0.016 ms
2025/11/25 01:23:34 Entered AppendTCPInfo()
2025/11/25 01:23:34 ---append JSON to Redis DB: 0.017 ms
2025/11/25 01:23:34 ---trim Redis DB: 0.017 ms
2025/11/25 01:23:34 ---set expiration of list: 0.018 ms
2025/11/25 01:23:34 Entered AppendTCPInfo()
2025/11/25 01:23:34 ---append JSON to Redis DB: 0.017 ms
2025/11/25 01:23:34 ---trim Redis DB: 0.017 ms
2025/11/25 01:23:34 ---set expiration of list: 0.016 ms
2025/11/25 01:23:34 Entered AppendTCPInfo()
2025/11/25 01:23:34 ---append JSON to Redis DB: 0.017 ms
2025/11/25 01:23:34 ---trim Redis DB: 0.016 ms
2025/11/25 01:23:34 ---set expiration of list: 0.017 ms
2025/11/25 01:23:34 Entered AppendTCPInfo()
2025/11/25 01:23:34 ---append JSON to Redis DB: 0.017 ms
2025/11/25 01:23:34 ---trim Redis DB: 0.017 ms
2025/11/25 01:23:34 ---set expiration of list: 0.016 ms
2025/11/25 01:23:34 Entered AppendTCPInfo()
2025/11/25 01:23:34 ---append JSON to Redis DB: 0.019 ms
2025/11/25 01:23:34 ---trim Redis DB: 0.016 ms
2025/11/25 01:23:34 ---set expiration of list: 0.017 ms
2025/11/25 01:23:34 Entered AppendTCPInfo()
2025/11/25 01:23:34 ---append JSON to Redis DB: 0.018 ms
2025/11/25 01:23:34 ---trim Redis DB: 0.017 ms
2025/11/25 01:23:34 ---set expiration of list: 0.016 ms
2025/11/25 01:23:34 Entered AppendTCPInfo()
2025/11/25 01:23:34 ---append JSON to Redis DB: 0.017 ms
2025/11/25 01:23:34 ---trim Redis DB: 0.017 ms
2025/11/25 01:23:34 ---set expiration of list: 0.016 ms
2025/11/25 01:23:34 Entered AppendTCPInfo()
2025/11/25 01:23:34 ---append JSON to Redis DB: 0.017 ms
2025/11/25 01:23:34 ---trim Redis DB: 0.016 ms
2025/11/25 01:23:34 ---set expiration of list: 0.017 ms
2025/11/25 01:23:34 Entered AppendTCPInfo()
2025/11/25 01:23:34 ---append JSON to Redis DB: 0.017 ms
2025/11/25 01:23:34 ---trim Redis DB: 0.017 ms
2025/11/25 01:23:34 ---set expiration of list: 0.028 ms
2025/11/25 01:23:34 Entered AppendTCPInfo()
2025/11/25 01:23:34 ---append JSON to Redis DB: 0.017 ms
2025/11/25 01:23:34 ---trim Redis DB: 0.017 ms
2025/11/25 01:23:34 ---set expiration of list: 0.017 ms
2025/11/25 01:23:34 Entered AppendTCPInfo()
2025/11/25 01:23:34 ---append JSON to Redis DB: 0.017 ms
2025/11/25 01:23:34 ---trim Redis DB: 0.017 ms
2025/11/25 01:23:34 ---set expiration of list: 0.016 ms
2025/11/25 01:23:34 Entered AppendTCPInfo()
2025/11/25 01:23:34 ---append JSON to Redis DB: 0.017 ms
2025/11/25 01:23:34 ---trim Redis DB: 0.017 ms
2025/11/25 01:23:34 ---set expiration of list: 0.018 ms
2025/11/25 01:23:34 Entered AppendTCPInfo()
2025/11/25 01:23:34 ---append JSON to Redis DB: 0.017 ms
2025/11/25 01:23:34 ---trim Redis DB: 0.016 ms
2025/11/25 01:23:34 ---set expiration of list: 0.019 ms
2025/11/25 01:23:34 Entered AppendTCPInfo()
2025/11/25 01:23:34 ---append JSON to Redis DB: 0.020 ms
2025/11/25 01:23:34 ---trim Redis DB: 0.017 ms
2025/11/25 01:23:34 ---set expiration of list: 0.017 ms
2025/11/25 01:23:34 Entered AppendTCPInfo()
2025/11/25 01:23:34 ---append JSON to Redis DB: 0.022 ms
2025/11/25 01:23:34 ---trim Redis DB: 0.017 ms
2025/11/25 01:23:34 ---set expiration of list: 0.019 ms
2025/11/25 01:23:34 Entered AppendTCPInfo()
2025/11/25 01:23:34 ---append JSON to Redis DB: 0.018 ms
2025/11/25 01:23:34 ---trim Redis DB: 0.017 ms
2025/11/25 01:23:34 ---set expiration of list: 0.016 ms
2025/11/25 01:23:34 Entered AppendTCPInfo()
2025/11/25 01:23:34 ---append JSON to Redis DB: 0.017 ms
2025/11/25 01:23:34 ---trim Redis DB: 0.017 ms
2025/11/25 01:23:34 ---set expiration of list: 0.016 ms
2025/11/25 01:23:34 Entered AppendTCPInfo()
2025/11/25 01:23:34 ---append JSON to Redis DB: 0.017 ms
2025/11/25 01:23:34 ---trim Redis DB: 0.017 ms
2025/11/25 01:23:34 ---set expiration of list: 0.017 ms
2025/11/25 01:23:34 Entered AppendTCPInfo()
2025/11/25 01:23:34 ---append JSON to Redis DB: 0.018 ms
2025/11/25 01:23:34 ---trim Redis DB: 0.016 ms
2025/11/25 01:23:34 ---set expiration of list: 0.016 ms
2025/11/25 01:23:34 Entered AppendTCPInfo()
2025/11/25 01:23:34 ---append JSON to Redis DB: 0.017 ms
2025/11/25 01:23:34 ---trim Redis DB: 0.017 ms
2025/11/25 01:23:34 ---set expiration of list: 0.017 ms
2025/11/25 01:23:34 Entered AppendTCPInfo()
2025/11/25 01:23:34 ---append JSON to Redis DB: 0.017 ms
2025/11/25 01:23:34 ---trim Redis DB: 0.017 ms
2025/11/25 01:23:34 ---set expiration of list: 0.016 ms
2025/11/25 01:23:34 Entered AppendTCPInfo()
2025/11/25 01:23:34 ---append JSON to Redis DB: 0.017 ms
2025/11/25 01:23:34 ---trim Redis DB: 0.017 ms
2025/11/25 01:23:34 ---set expiration of list: 0.016 ms
2025/11/25 01:23:34 Entered AppendTCPInfo()
2025/11/25 01:23:34 ---append JSON to Redis DB: 0.020 ms
2025/11/25 01:23:34 ---trim Redis DB: 0.016 ms
2025/11/25 01:23:34 ---set expiration of list: 0.017 ms
2025/11/25 01:23:34 Entered AppendTCPInfo()
2025/11/25 01:23:34 ---append JSON to Redis DB: 0.017 ms
2025/11/25 01:23:34 ---trim Redis DB: 0.016 ms
2025/11/25 01:23:34 ---set expiration of list: 0.016 ms
2025/11/25 01:23:34 Entered AppendTCPInfo()
2025/11/25 01:23:34 ---append JSON to Redis DB: 0.017 ms
2025/11/25 01:23:34 ---trim Redis DB: 0.018 ms
2025/11/25 01:23:34 ---set expiration of list: 0.017 ms
2025/11/25 01:23:34 Entered AppendTCPInfo()
2025/11/25 01:23:34 ---append JSON to Redis DB: 0.024 ms
2025/11/25 01:23:34 ---trim Redis DB: 0.017 ms
2025/11/25 01:23:34 ---set expiration of list: 0.016 ms
2025/11/25 01:23:34 Entered AppendTCPInfo()
2025/11/25 01:23:34 ---append JSON to Redis DB: 0.018 ms
2025/11/25 01:23:34 ---trim Redis DB: 0.017 ms
2025/11/25 01:23:34 ---set expiration of list: 0.017 ms
2025/11/25 01:23:34 Entered AppendTCPInfo()
2025/11/25 01:23:34 ---append JSON to Redis DB: 0.017 ms
2025/11/25 01:23:34 ---trim Redis DB: 0.016 ms
2025/11/25 01:23:34 ---set expiration of list: 0.017 ms
2025/11/25 01:23:34 Entered AppendTCPInfo()
2025/11/25 01:23:34 ---append JSON to Redis DB: 0.018 ms
2025/11/25 01:23:34 ---trim Redis DB: 0.019 ms
2025/11/25 01:23:34 ---set expiration of list: 0.016 ms
2025/11/25 01:23:34 Entered AppendTCPInfo()
2025/11/25 01:23:34 ---append JSON to Redis DB: 0.018 ms
2025/11/25 01:23:34 ---trim Redis DB: 0.016 ms
2025/11/25 01:23:34 ---set expiration of list: 0.016 ms
2025/11/25 01:23:34 Entered AppendTCPInfo()
2025/11/25 01:23:34 ---append JSON to Redis DB: 0.017 ms
2025/11/25 01:23:34 ---trim Redis DB: 0.018 ms
2025/11/25 01:23:34 ---set expiration of list: 0.017 ms
2025/11/25 01:23:34 Entered AppendTCPInfo()
2025/11/25 01:23:34 ---append JSON to Redis DB: 0.017 ms
2025/11/25 01:23:34 ---trim Redis DB: 0.016 ms
2025/11/25 01:23:34 ---set expiration of list: 0.016 ms
2025/11/25 01:23:34 Entered AppendTCPInfo()
2025/11/25 01:23:34 ---append JSON to Redis DB: 0.017 ms
2025/11/25 01:23:34 ---trim Redis DB: 0.016 ms
2025/11/25 01:23:34 ---set expiration of list: 0.016 ms
2025/11/25 01:23:34 Entered AppendTCPInfo()
2025/11/25 01:23:34 ---append JSON to Redis DB: 0.017 ms
2025/11/25 01:23:34 ---trim Redis DB: 0.017 ms
2025/11/25 01:23:34 ---set expiration of list: 0.016 ms
2025/11/25 01:23:34 Entered AppendTCPInfo()
2025/11/25 01:23:34 ---append JSON to Redis DB: 0.018 ms
2025/11/25 01:23:34 ---trim Redis DB: 0.016 ms
2025/11/25 01:23:34 ---set expiration of list: 0.017 ms
2025/11/25 01:23:34 Entered AppendTCPInfo()
2025/11/25 01:23:34 ---append JSON to Redis DB: 0.017 ms
2025/11/25 01:23:34 ---trim Redis DB: 0.017 ms
2025/11/25 01:23:34 ---set expiration of list: 0.020 ms
2025/11/25 01:23:34 Entered AppendTCPInfo()
2025/11/25 01:23:34 ---append JSON to Redis DB: 0.017 ms
2025/11/25 01:23:34 ---trim Redis DB: 0.017 ms
2025/11/25 01:23:34 ---set expiration of list: 0.016 ms
2025/11/25 01:23:34 Entered AppendTCPInfo()
2025/11/25 01:23:34 ---append JSON to Redis DB: 0.017 ms
2025/11/25 01:23:34 ---trim Redis DB: 0.017 ms
2025/11/25 01:23:34 ---set expiration of list: 0.016 ms
2025/11/25 01:23:34 Entered AppendTCPInfo()
2025/11/25 01:23:34 ---append JSON to Redis DB: 0.022 ms
2025/11/25 01:23:34 ---trim Redis DB: 0.016 ms
2025/11/25 01:23:34 ---set expiration of list: 0.016 ms
2025/11/25 01:23:34 Entered AppendTCPInfo()
2025/11/25 01:23:34 ---append JSON to Redis DB: 0.017 ms
2025/11/25 01:23:34 ---trim Redis DB: 0.016 ms
2025/11/25 01:23:34 ---set expiration of list: 0.016 ms
2025/11/25 01:23:34 Entered AppendTCPInfo()
2025/11/25 01:23:34 ---append JSON to Redis DB: 0.017 ms
2025/11/25 01:23:34 ---trim Redis DB: 0.020 ms
2025/11/25 01:23:34 ---set expiration of list: 0.017 ms
2025/11/25 01:23:34 Entered AppendTCPInfo()
2025/11/25 01:23:34 ---append JSON to Redis DB: 0.018 ms
2025/11/25 01:23:34 ---trim Redis DB: 0.030 ms
2025/11/25 01:23:34 ---set expiration of list: 0.022 ms
2025/11/25 01:23:34 Entered AppendTCPInfo()
2025/11/25 01:23:34 ---append JSON to Redis DB: 0.021 ms
2025/11/25 01:23:34 ---trim Redis DB: 0.021 ms
2025/11/25 01:23:34 ---set expiration of list: 0.024 ms
2025/11/25 01:23:34 Entered AppendTCPInfo()
2025/11/25 01:23:34 ---append JSON to Redis DB: 0.020 ms
2025/11/25 01:23:34 ---trim Redis DB: 0.017 ms
2025/11/25 01:23:34 ---set expiration of list: 0.018 ms
2025/11/25 01:23:34 Entered AppendTCPInfo()
2025/11/25 01:23:34 ---append JSON to Redis DB: 0.019 ms
2025/11/25 01:23:34 ---trim Redis DB: 0.016 ms
2025/11/25 01:23:34 ---set expiration of list: 0.020 ms
2025/11/25 01:23:34 Entered AppendTCPInfo()
2025/11/25 01:23:34 ---append JSON to Redis DB: 0.018 ms
2025/11/25 01:23:34 ---trim Redis DB: 0.016 ms
2025/11/25 01:23:34 ---set expiration of list: 0.017 ms
2025/11/25 01:23:34 Entered AppendTCPInfo()
2025/11/25 01:23:34 ---append JSON to Redis DB: 0.017 ms
2025/11/25 01:23:34 ---trim Redis DB: 0.016 ms
2025/11/25 01:23:34 ---set expiration of list: 0.016 ms
2025/11/25 01:23:34 Entered AppendTCPInfo()
2025/11/25 01:23:34 ---append JSON to Redis DB: 0.017 ms
2025/11/25 01:23:34 ---trim Redis DB: 0.017 ms
2025/11/25 01:23:34 ---set expiration of list: 0.016 ms
2025/11/25 01:23:34 Entered AppendTCPInfo()
2025/11/25 01:23:34 ---append JSON to Redis DB: 0.017 ms
2025/11/25 01:23:34 ---trim Redis DB: 0.016 ms
2025/11/25 01:23:34 ---set expiration of list: 0.016 ms
2025/11/25 01:23:34 Entered AppendTCPInfo()
2025/11/25 01:23:34 ---append JSON to Redis DB: 0.017 ms
2025/11/25 01:23:34 ---trim Redis DB: 0.017 ms
2025/11/25 01:23:34 ---set expiration of list: 0.016 ms
2025/11/25 01:23:34 Entered AppendTCPInfo()
2025/11/25 01:23:34 ---append JSON to Redis DB: 0.017 ms
2025/11/25 01:23:34 ---trim Redis DB: 0.017 ms
2025/11/25 01:23:34 ---set expiration of list: 0.016 ms
2025/11/25 01:23:34 Entered AppendTCPInfo()
2025/11/25 01:23:34 ---append JSON to Redis DB: 0.017 ms
2025/11/25 01:23:34 ---trim Redis DB: 0.017 ms
2025/11/25 01:23:34 ---set expiration of list: 0.016 ms
2025/11/25 01:23:34 Entered AppendTCPInfo()
2025/11/25 01:23:34 ---append JSON to Redis DB: 0.018 ms
2025/11/25 01:23:34 ---trim Redis DB: 0.017 ms
2025/11/25 01:23:34 ---set expiration of list: 0.017 ms
2025/11/25 01:23:34 Entered AppendTCPInfo()
2025/11/25 01:23:34 ---append JSON to Redis DB: 0.017 ms
2025/11/25 01:23:34 ---trim Redis DB: 0.016 ms
2025/11/25 01:23:34 ---set expiration of list: 0.016 ms
2025/11/25 01:23:34 Entered AppendTCPInfo()
2025/11/25 01:23:34 ---append JSON to Redis DB: 0.017 ms
2025/11/25 01:23:34 ---trim Redis DB: 0.017 ms
2025/11/25 01:23:34 ---set expiration of list: 0.018 ms
2025/11/25 01:23:34 Entered AppendTCPInfo()
2025/11/25 01:23:34 ---append JSON to Redis DB: 0.016 ms
2025/11/25 01:23:34 ---trim Redis DB: 0.021 ms
2025/11/25 01:23:34 ---set expiration of list: 0.019 ms
2025/11/25 01:23:34 Entered AppendTCPInfo()
2025/11/25 01:23:34 ---append JSON to Redis DB: 0.018 ms
2025/11/25 01:23:34 ---trim Redis DB: 0.018 ms
2025/11/25 01:23:34 ---set expiration of list: 0.016 ms
2025/11/25 01:23:34 Entered AppendTCPInfo()
2025/11/25 01:23:34 ---append JSON to Redis DB: 0.017 ms
2025/11/25 01:23:34 ---trim Redis DB: 0.017 ms
2025/11/25 01:23:34 ---set expiration of list: 0.016 ms
2025/11/25 01:23:34 Entered AppendTCPInfo()
2025/11/25 01:23:34 ---append JSON to Redis DB: 0.018 ms
2025/11/25 01:23:34 ---trim Redis DB: 0.021 ms
2025/11/25 01:23:34 ---set expiration of list: 0.017 ms
2025/11/25 01:23:34 Entered AppendTCPInfo()
2025/11/25 01:23:34 ---append JSON to Redis DB: 0.018 ms
2025/11/25 01:23:34 ---trim Redis DB: 0.018 ms
2025/11/25 01:23:34 ---set expiration of list: 0.017 ms
2025/11/25 01:23:34 Entered AppendTCPInfo()
2025/11/25 01:23:34 ---append JSON to Redis DB: 0.018 ms
2025/11/25 01:23:34 ---trim Redis DB: 0.016 ms
2025/11/25 01:23:34 ---set expiration of list: 0.016 ms
2025/11/25 01:23:34 Entered AppendTCPInfo()
2025/11/25 01:23:34 ---append JSON to Redis DB: 0.024 ms
2025/11/25 01:23:34 ---trim Redis DB: 0.019 ms
2025/11/25 01:23:34 ---set expiration of list: 0.017 ms
2025/11/25 01:23:34 Entered AppendTCPInfo()
2025/11/25 01:23:34 ---append JSON to Redis DB: 0.021 ms
2025/11/25 01:23:34 ---trim Redis DB: 0.020 ms
2025/11/25 01:23:34 ---set expiration of list: 0.016 ms
2025/11/25 01:23:34 Entered AppendTCPInfo()
2025/11/25 01:23:34 ---append JSON to Redis DB: 0.018 ms
2025/11/25 01:23:34 ---trim Redis DB: 0.019 ms
2025/11/25 01:23:34 ---set expiration of list: 0.017 ms
2025/11/25 01:23:34 Entered AppendTCPInfo()
2025/11/25 01:23:34 ---append JSON to Redis DB: 0.017 ms
2025/11/25 01:23:34 ---trim Redis DB: 0.017 ms
2025/11/25 01:23:34 ---set expiration of list: 0.016 ms
2025/11/25 01:23:34 Entered AppendTCPInfo()
2025/11/25 01:23:34 ---append JSON to Redis DB: 0.020 ms
2025/11/25 01:23:34 ---trim Redis DB: 0.017 ms
2025/11/25 01:23:34 ---set expiration of list: 0.017 ms
2025/11/25 01:23:34 Entered AppendTCPInfo()
2025/11/25 01:23:34 ---append JSON to Redis DB: 0.017 ms
2025/11/25 01:23:34 ---trim Redis DB: 0.017 ms
2025/11/25 01:23:34 ---set expiration of list: 0.016 ms
2025/11/25 01:23:34 Entered AppendTCPInfo()
2025/11/25 01:23:34 ---append JSON to Redis DB: 0.019 ms
2025/11/25 01:23:34 ---trim Redis DB: 0.017 ms
2025/11/25 01:23:34 ---set expiration of list: 0.017 ms
2025/11/25 01:23:34 Entered AppendTCPInfo()
2025/11/25 01:23:34 ---append JSON to Redis DB: 0.017 ms
2025/11/25 01:23:34 ---trim Redis DB: 0.016 ms
2025/11/25 01:23:34 ---set expiration of list: 0.016 ms
2025/11/25 01:23:34 Entered AppendTCPInfo()
2025/11/25 01:23:34 ---append JSON to Redis DB: 0.017 ms
2025/11/25 01:23:34 ---trim Redis DB: 0.017 ms
2025/11/25 01:23:34 ---set expiration of list: 0.017 ms
2025/11/25 01:23:34 Entered AppendTCPInfo()
2025/11/25 01:23:34 ---append JSON to Redis DB: 0.019 ms
2025/11/25 01:23:34 ---trim Redis DB: 0.017 ms
2025/11/25 01:23:34 ---set expiration of list: 0.017 ms
2025/11/25 01:23:34 Entered AppendTCPInfo()
2025/11/25 01:23:34 ---append JSON to Redis DB: 0.017 ms
2025/11/25 01:23:34 ---trim Redis DB: 0.017 ms
2025/11/25 01:23:34 ---set expiration of list: 0.016 ms
2025/11/25 01:23:34 Entered AppendTCPInfo()
2025/11/25 01:23:34 ---append JSON to Redis DB: 0.017 ms
2025/11/25 01:23:34 ---trim Redis DB: 0.017 ms
2025/11/25 01:23:34 ---set expiration of list: 0.016 ms
2025/11/25 01:23:34 Entered AppendTCPInfo()
2025/11/25 01:23:34 ---append JSON to Redis DB: 0.017 ms
2025/11/25 01:23:34 ---trim Redis DB: 0.016 ms
2025/11/25 01:23:34 ---set expiration of list: 0.027 ms
2025/11/25 01:23:34 Entered AppendTCPInfo()
2025/11/25 01:23:34 ---append JSON to Redis DB: 0.016 ms
2025/11/25 01:23:34 ---trim Redis DB: 0.017 ms
2025/11/25 01:23:34 ---set expiration of list: 0.016 ms
2025/11/25 01:23:34 Entered AppendTCPInfo()
2025/11/25 01:23:34 ---append JSON to Redis DB: 0.017 ms
2025/11/25 01:23:34 ---trim Redis DB: 0.022 ms
2025/11/25 01:23:34 ---set expiration of list: 0.019 ms
2025/11/25 01:23:34 Entered AppendTCPInfo()
2025/11/25 01:23:34 ---append JSON to Redis DB: 0.020 ms
2025/11/25 01:23:34 ---trim Redis DB: 0.019 ms
2025/11/25 01:23:34 ---set expiration of list: 0.017 ms
2025/11/25 01:23:34 Entered AppendTCPInfo()
2025/11/25 01:23:34 ---append JSON to Redis DB: 0.017 ms
2025/11/25 01:23:34 ---trim Redis DB: 0.017 ms
2025/11/25 01:23:34 ---set expiration of list: 0.017 ms
2025/11/25 01:23:34 Entered AppendTCPInfo()
2025/11/25 01:23:34 ---append JSON to Redis DB: 0.017 ms
2025/11/25 01:23:34 ---trim Redis DB: 0.017 ms
2025/11/25 01:23:34 ---set expiration of list: 0.016 ms
2025/11/25 01:23:34 Entered AppendTCPInfo()
2025/11/25 01:23:34 ---append JSON to Redis DB: 0.018 ms
2025/11/25 01:23:34 ---trim Redis DB: 0.016 ms
2025/11/25 01:23:34 ---set expiration of list: 0.017 ms
2025/11/25 01:23:34 Entered AppendTCPInfo()
2025/11/25 01:23:34 ---append JSON to Redis DB: 0.017 ms
2025/11/25 01:23:34 ---trim Redis DB: 0.017 ms
2025/11/25 01:23:34 ---set expiration of list: 0.017 ms
2025/11/25 01:23:34 Entered AppendTCPInfo()
2025/11/25 01:23:34 ---append JSON to Redis DB: 0.018 ms
2025/11/25 01:23:34 ---trim Redis DB: 0.016 ms
2025/11/25 01:23:34 ---set expiration of list: 0.017 ms
2025/11/25 01:23:34 Entered AppendTCPInfo()
2025/11/25 01:23:34 ---append JSON to Redis DB: 0.020 ms
2025/11/25 01:23:34 ---trim Redis DB: 0.017 ms
2025/11/25 01:23:34 ---set expiration of list: 0.017 ms
2025/11/25 01:23:34 Entered AppendTCPInfo()
2025/11/25 01:23:34 ---append JSON to Redis DB: 0.017 ms
2025/11/25 01:23:34 ---trim Redis DB: 0.017 ms
2025/11/25 01:23:34 ---set expiration of list: 0.017 ms
2025/11/25 01:23:34 Entered AppendTCPInfo()
2025/11/25 01:23:34 ---append JSON to Redis DB: 0.017 ms
2025/11/25 01:23:34 ---trim Redis DB: 0.018 ms
2025/11/25 01:23:34 ---set expiration of list: 0.016 ms
2025/11/25 01:23:34 Entered AppendTCPInfo()
2025/11/25 01:23:34 ---append JSON to Redis DB: 0.018 ms
2025/11/25 01:23:34 ---trim Redis DB: 0.017 ms
2025/11/25 01:23:34 ---set expiration of list: 0.017 ms
2025/11/25 01:23:34 Entered AppendTCPInfo()
2025/11/25 01:23:34 ---append JSON to Redis DB: 0.017 ms
2025/11/25 01:23:34 ---trim Redis DB: 0.017 ms
2025/11/25 01:23:34 ---set expiration of list: 0.016 ms
2025/11/25 01:23:34 Entered AppendTCPInfo()
2025/11/25 01:23:34 ---append JSON to Redis DB: 0.017 ms
2025/11/25 01:23:34 ---trim Redis DB: 0.016 ms
2025/11/25 01:23:34 ---set expiration of list: 0.017 ms
2025/11/25 01:23:34 Entered AppendTCPInfo()
2025/11/25 01:23:34 ---append JSON to Redis DB: 0.018 ms
2025/11/25 01:23:34 ---trim Redis DB: 0.021 ms
2025/11/25 01:23:34 ---set expiration of list: 0.030 ms
2025/11/25 01:23:34 Entered AppendTCPInfo()
2025/11/25 01:23:34 ---append JSON to Redis DB: 0.023 ms
2025/11/25 01:23:34 ---trim Redis DB: 0.017 ms
2025/11/25 01:23:34 ---set expiration of list: 0.023 ms
2025/11/25 01:23:34 Entered AppendTCPInfo()
2025/11/25 01:23:35 ---append JSON to Redis DB: 0.020 ms
2025/11/25 01:23:35 ---trim Redis DB: 0.017 ms
2025/11/25 01:23:35 ---set expiration of list: 0.016 ms
2025/11/25 01:23:35 Entered AppendTCPInfo()
2025/11/25 01:23:35 ---append JSON to Redis DB: 0.017 ms
2025/11/25 01:23:35 ---trim Redis DB: 0.018 ms
2025/11/25 01:23:35 ---set expiration of list: 0.017 ms
2025/11/25 01:23:35 Entered AppendTCPInfo()
2025/11/25 01:23:35 ---append JSON to Redis DB: 0.017 ms
2025/11/25 01:23:35 ---trim Redis DB: 0.017 ms
2025/11/25 01:23:35 ---set expiration of list: 0.017 ms
2025/11/25 01:23:35 Entered AppendTCPInfo()
2025/11/25 01:23:35 ---append JSON to Redis DB: 0.017 ms
2025/11/25 01:23:35 ---trim Redis DB: 0.017 ms
2025/11/25 01:23:35 ---set expiration of list: 0.016 ms
2025/11/25 01:23:35 Entered AppendTCPInfo()
2025/11/25 01:23:35 ---append JSON to Redis DB: 0.018 ms
2025/11/25 01:23:35 ---trim Redis DB: 0.023 ms
2025/11/25 01:23:35 ---set expiration of list: 0.020 ms
2025/11/25 01:23:35 Entered AppendTCPInfo()
2025/11/25 01:23:35 ---append JSON to Redis DB: 0.020 ms
2025/11/25 01:23:35 ---trim Redis DB: 0.017 ms
2025/11/25 01:23:35 ---set expiration of list: 0.017 ms
2025/11/25 01:23:35 Entered AppendTCPInfo()
2025/11/25 01:23:35 ---append JSON to Redis DB: 0.023 ms
2025/11/25 01:23:35 ---trim Redis DB: 0.021 ms
2025/11/25 01:23:35 ---set expiration of list: 0.020 ms
2025/11/25 01:23:35 Entered AppendTCPInfo()
2025/11/25 01:23:35 ---append JSON to Redis DB: 0.017 ms
2025/11/25 01:23:35 ---trim Redis DB: 0.018 ms
2025/11/25 01:23:35 ---set expiration of list: 0.016 ms
2025/11/25 01:23:35 Entered AppendTCPInfo()
2025/11/25 01:23:35 ---append JSON to Redis DB: 0.017 ms
2025/11/25 01:23:35 ---trim Redis DB: 0.016 ms
2025/11/25 01:23:35 ---set expiration of list: 0.021 ms
2025/11/25 01:23:35 Entered AppendTCPInfo()
2025/11/25 01:23:35 ---append JSON to Redis DB: 0.022 ms
2025/11/25 01:23:35 ---trim Redis DB: 0.023 ms
2025/11/25 01:23:35 ---set expiration of list: 0.019 ms
2025/11/25 01:23:35 Entered AppendTCPInfo()
2025/11/25 01:23:35 ---append JSON to Redis DB: 0.022 ms
2025/11/25 01:23:35 ---trim Redis DB: 0.017 ms
2025/11/25 01:23:35 ---set expiration of list: 0.018 ms
2025/11/25 01:23:35 Entered AppendTCPInfo()
2025/11/25 01:23:35 ---append JSON to Redis DB: 0.025 ms
2025/11/25 01:23:35 ---trim Redis DB: 0.021 ms
2025/11/25 01:23:35 ---set expiration of list: 0.035 ms
2025/11/25 01:23:35 Entered AppendTCPInfo()
2025/11/25 01:23:35 ---append JSON to Redis DB: 0.018 ms
2025/11/25 01:23:35 ---trim Redis DB: 0.021 ms
2025/11/25 01:23:35 ---set expiration of list: 0.017 ms
2025/11/25 01:23:35 Entered AppendTCPInfo()
2025/11/25 01:23:35 ---append JSON to Redis DB: 0.018 ms
2025/11/25 01:23:35 ---trim Redis DB: 0.018 ms
2025/11/25 01:23:35 ---set expiration of list: 0.019 ms
2025/11/25 01:23:35 Entered AppendTCPInfo()
2025/11/25 01:23:35 ---append JSON to Redis DB: 0.018 ms
2025/11/25 01:23:35 ---trim Redis DB: 0.019 ms
2025/11/25 01:23:35 ---set expiration of list: 0.017 ms
2025/11/25 01:23:35 Entered AppendTCPInfo()
2025/11/25 01:23:35 ---append JSON to Redis DB: 0.017 ms
2025/11/25 01:23:35 ---trim Redis DB: 0.018 ms
2025/11/25 01:23:35 ---set expiration of list: 0.020 ms
2025/11/25 01:23:35 Entered AppendTCPInfo()
2025/11/25 01:23:35 ---append JSON to Redis DB: 0.019 ms
2025/11/25 01:23:35 ---trim Redis DB: 0.021 ms
2025/11/25 01:23:35 ---set expiration of list: 0.017 ms
2025/11/25 01:23:35 Entered AppendTCPInfo()
2025/11/25 01:23:35 ---append JSON to Redis DB: 0.018 ms
2025/11/25 01:23:35 ---trim Redis DB: 0.017 ms
2025/11/25 01:23:35 ---set expiration of list: 0.017 ms
2025/11/25 01:23:35 Entered AppendTCPInfo()
2025/11/25 01:23:35 ---append JSON to Redis DB: 0.018 ms
2025/11/25 01:23:35 ---trim Redis DB: 0.017 ms
2025/11/25 01:23:35 ---set expiration of list: 0.017 ms
2025/11/25 01:23:35 Entered AppendTCPInfo()
2025/11/25 01:23:35 ---append JSON to Redis DB: 0.017 ms
2025/11/25 01:23:35 ---trim Redis DB: 0.017 ms
2025/11/25 01:23:35 ---set expiration of list: 0.020 ms
2025/11/25 01:23:35 Entered AppendTCPInfo()
2025/11/25 01:23:35 ---append JSON to Redis DB: 0.022 ms
2025/11/25 01:23:35 ---trim Redis DB: 0.017 ms
2025/11/25 01:23:35 ---set expiration of list: 0.017 ms
2025/11/25 01:23:35 Entered AppendTCPInfo()
2025/11/25 01:23:35 ---append JSON to Redis DB: 0.021 ms
2025/11/25 01:23:35 ---trim Redis DB: 0.018 ms
2025/11/25 01:23:35 ---set expiration of list: 0.018 ms
2025/11/25 01:23:35 Entered AppendTCPInfo()
2025/11/25 01:23:35 ---append JSON to Redis DB: 0.018 ms
2025/11/25 01:23:35 ---trim Redis DB: 0.018 ms
2025/11/25 01:23:35 ---set expiration of list: 0.022 ms
2025/11/25 01:23:35 Entered AppendTCPInfo()
2025/11/25 01:23:35 ---append JSON to Redis DB: 0.019 ms
2025/11/25 01:23:35 ---trim Redis DB: 0.019 ms
2025/11/25 01:23:35 ---set expiration of list: 0.017 ms
2025/11/25 01:23:35 Entered AppendTCPInfo()
2025/11/25 01:23:35 ---append JSON to Redis DB: 0.018 ms
2025/11/25 01:23:35 ---trim Redis DB: 0.017 ms
2025/11/25 01:23:35 ---set expiration of list: 0.016 ms
2025/11/25 01:23:35 Entered AppendTCPInfo()
2025/11/25 01:23:35 ---append JSON to Redis DB: 0.020 ms
2025/11/25 01:23:35 ---trim Redis DB: 0.019 ms
2025/11/25 01:23:35 ---set expiration of list: 0.017 ms
2025/11/25 01:23:35 Entered AppendTCPInfo()
2025/11/25 01:23:35 ---append JSON to Redis DB: 0.018 ms
2025/11/25 01:23:35 ---trim Redis DB: 0.019 ms
2025/11/25 01:23:35 ---set expiration of list: 0.017 ms
2025/11/25 01:23:35 Entered AppendTCPInfo()
2025/11/25 01:23:35 ---append JSON to Redis DB: 0.024 ms
2025/11/25 01:23:35 ---trim Redis DB: 0.018 ms
2025/11/25 01:23:35 ---set expiration of list: 0.016 ms
2025/11/25 01:23:35 Entered AppendTCPInfo()
2025/11/25 01:23:35 ---append JSON to Redis DB: 0.017 ms
2025/11/25 01:23:35 ---trim Redis DB: 0.017 ms
2025/11/25 01:23:35 ---set expiration of list: 0.016 ms
2025/11/25 01:23:35 Entered AppendTCPInfo()
2025/11/25 01:23:35 ---append JSON to Redis DB: 0.018 ms
2025/11/25 01:23:35 ---trim Redis DB: 0.016 ms
2025/11/25 01:23:35 ---set expiration of list: 0.016 ms
2025/11/25 01:23:35 Entered AppendTCPInfo()
2025/11/25 01:23:35 ---append JSON to Redis DB: 0.017 ms
2025/11/25 01:23:35 ---trim Redis DB: 0.016 ms
2025/11/25 01:23:35 ---set expiration of list: 0.016 ms
2025/11/25 01:23:35 Entered AppendTCPInfo()
2025/11/25 01:23:35 ---append JSON to Redis DB: 0.018 ms
2025/11/25 01:23:35 ---trim Redis DB: 0.017 ms
2025/11/25 01:23:35 ---set expiration of list: 0.019 ms
2025/11/25 01:23:35 Entered AppendTCPInfo()
2025/11/25 01:23:35 ---append JSON to Redis DB: 0.017 ms
2025/11/25 01:23:35 ---trim Redis DB: 0.017 ms
2025/11/25 01:23:35 ---set expiration of list: 0.016 ms
2025/11/25 01:23:35 Entered AppendTCPInfo()
2025/11/25 01:23:35 ---append JSON to Redis DB: 0.019 ms
2025/11/25 01:23:35 ---trim Redis DB: 0.021 ms
2025/11/25 01:23:35 ---set expiration of list: 0.028 ms
2025/11/25 01:23:35 Entered AppendTCPInfo()
2025/11/25 01:23:35 ---append JSON to Redis DB: 0.021 ms
2025/11/25 01:23:35 ---trim Redis DB: 0.020 ms
2025/11/25 01:23:35 ---set expiration of list: 0.017 ms
2025/11/25 01:23:35 Entered AppendTCPInfo()
2025/11/25 01:23:35 ---append JSON to Redis DB: 0.018 ms
2025/11/25 01:23:35 ---trim Redis DB: 0.020 ms
2025/11/25 01:23:35 ---set expiration of list: 0.020 ms
2025/11/25 01:23:35 Entered AppendTCPInfo()
2025/11/25 01:23:35 ---append JSON to Redis DB: 0.020 ms
2025/11/25 01:23:35 ---trim Redis DB: 0.017 ms
2025/11/25 01:23:35 ---set expiration of list: 0.016 ms
2025/11/25 01:23:35 Entered AppendTCPInfo()
2025/11/25 01:23:35 ---append JSON to Redis DB: 0.017 ms
2025/11/25 01:23:35 ---trim Redis DB: 0.020 ms
2025/11/25 01:23:35 ---set expiration of list: 0.018 ms
2025/11/25 01:23:35 Entered AppendTCPInfo()
2025/11/25 01:23:35 ---append JSON to Redis DB: 0.021 ms
2025/11/25 01:23:35 ---trim Redis DB: 0.019 ms
2025/11/25 01:23:35 ---set expiration of list: 0.019 ms
2025/11/25 01:23:35 Entered AppendTCPInfo()
2025/11/25 01:23:35 ---append JSON to Redis DB: 0.021 ms
2025/11/25 01:23:35 ---trim Redis DB: 0.020 ms
2025/11/25 01:23:35 ---set expiration of list: 0.017 ms
2025/11/25 01:23:35 Entered AppendTCPInfo()
2025/11/25 01:23:35 ---append JSON to Redis DB: 0.021 ms
2025/11/25 01:23:35 ---trim Redis DB: 0.017 ms
2025/11/25 01:23:35 ---set expiration of list: 0.016 ms
2025/11/25 01:23:35 Entered AppendTCPInfo()
2025/11/25 01:23:35 ---append JSON to Redis DB: 0.018 ms
2025/11/25 01:23:35 ---trim Redis DB: 0.017 ms
2025/11/25 01:23:35 ---set expiration of list: 0.017 ms
2025/11/25 01:23:35 Entered AppendTCPInfo()
2025/11/25 01:23:35 ---append JSON to Redis DB: 0.017 ms
2025/11/25 01:23:35 ---trim Redis DB: 0.017 ms
2025/11/25 01:23:35 ---set expiration of list: 0.016 ms
2025/11/25 01:23:35 Entered AppendTCPInfo()
2025/11/25 01:23:35 ---append JSON to Redis DB: 0.018 ms
2025/11/25 01:23:35 ---trim Redis DB: 0.017 ms
2025/11/25 01:23:35 ---set expiration of list: 0.022 ms
2025/11/25 01:23:35 Entered AppendTCPInfo()
2025/11/25 01:23:35 ---append JSON to Redis DB: 0.019 ms
2025/11/25 01:23:35 ---trim Redis DB: 0.014 ms
2025/11/25 01:23:35 ---set expiration of list: 0.019 ms
2025/11/25 01:23:35 Entered AppendTCPInfo()
2025/11/25 01:23:35 ---append JSON to Redis DB: 0.021 ms
2025/11/25 01:23:35 ---trim Redis DB: 0.016 ms
2025/11/25 01:23:35 ---set expiration of list: 0.017 ms
2025/11/25 01:23:35 Entered AppendTCPInfo()
2025/11/25 01:23:35 ---append JSON to Redis DB: 0.017 ms
2025/11/25 01:23:35 ---trim Redis DB: 0.016 ms
2025/11/25 01:23:35 ---set expiration of list: 0.016 ms
2025/11/25 01:23:35 Entered AppendTCPInfo()
2025/11/25 01:23:35 ---append JSON to Redis DB: 0.017 ms
2025/11/25 01:23:35 ---trim Redis DB: 0.016 ms
2025/11/25 01:23:35 ---set expiration of list: 0.016 ms
2025/11/25 01:23:35 Entered AppendTCPInfo()
2025/11/25 01:23:35 ---append JSON to Redis DB: 0.018 ms
2025/11/25 01:23:35 ---trim Redis DB: 0.017 ms
2025/11/25 01:23:35 ---set expiration of list: 0.016 ms
2025/11/25 01:23:35 Entered AppendTCPInfo()
2025/11/25 01:23:35 ---append JSON to Redis DB: 0.018 ms
2025/11/25 01:23:35 ---trim Redis DB: 0.017 ms
2025/11/25 01:23:35 ---set expiration of list: 0.016 ms
2025/11/25 01:23:35 Entered AppendTCPInfo()
2025/11/25 01:23:35 ---append JSON to Redis DB: 0.017 ms
2025/11/25 01:23:35 ---trim Redis DB: 0.017 ms
2025/11/25 01:23:35 ---set expiration of list: 0.016 ms
2025/11/25 01:23:35 Entered AppendTCPInfo()
2025/11/25 01:23:35 ---append JSON to Redis DB: 0.019 ms
2025/11/25 01:23:35 ---trim Redis DB: 0.019 ms
2025/11/25 01:23:35 ---set expiration of list: 0.017 ms
2025/11/25 01:23:35 Entered AppendTCPInfo()
2025/11/25 01:23:35 ---append JSON to Redis DB: 0.017 ms
2025/11/25 01:23:35 ---trim Redis DB: 0.017 ms
2025/11/25 01:23:35 ---set expiration of list: 0.016 ms
2025/11/25 01:23:35 Entered AppendTCPInfo()
2025/11/25 01:23:35 ---append JSON to Redis DB: 0.018 ms
2025/11/25 01:23:35 ---trim Redis DB: 0.017 ms
2025/11/25 01:23:35 ---set expiration of list: 0.017 ms
2025/11/25 01:23:35 Entered AppendTCPInfo()
2025/11/25 01:23:35 ---append JSON to Redis DB: 0.017 ms
2025/11/25 01:23:35 ---trim Redis DB: 0.016 ms
2025/11/25 01:23:35 ---set expiration of list: 0.017 ms
2025/11/25 01:23:35 Entered AppendTCPInfo()
2025/11/25 01:23:35 ---append JSON to Redis DB: 0.017 ms
2025/11/25 01:23:35 ---trim Redis DB: 0.017 ms
2025/11/25 01:23:35 ---set expiration of list: 0.016 ms
2025/11/25 01:23:35 Entered AppendTCPInfo()
2025/11/25 01:23:35 ---append JSON to Redis DB: 0.018 ms
2025/11/25 01:23:35 ---trim Redis DB: 0.017 ms
2025/11/25 01:23:35 ---set expiration of list: 0.017 ms
2025/11/25 01:23:35 Entered AppendTCPInfo()
2025/11/25 01:23:35 ---append JSON to Redis DB: 0.017 ms
2025/11/25 01:23:35 ---trim Redis DB: 0.017 ms
2025/11/25 01:23:35 ---set expiration of list: 0.016 ms
2025/11/25 01:23:35 Entered AppendTCPInfo()
2025/11/25 01:23:35 ---append JSON to Redis DB: 0.017 ms
2025/11/25 01:23:35 ---trim Redis DB: 0.017 ms
2025/11/25 01:23:35 ---set expiration of list: 0.016 ms
2025/11/25 01:23:35 Entered AppendTCPInfo()
2025/11/25 01:23:35 ---append JSON to Redis DB: 0.017 ms
2025/11/25 01:23:35 ---trim Redis DB: 0.018 ms
2025/11/25 01:23:35 ---set expiration of list: 0.018 ms
2025/11/25 01:23:35 Entered AppendTCPInfo()
2025/11/25 01:23:35 ---append JSON to Redis DB: 0.017 ms
2025/11/25 01:23:35 ---trim Redis DB: 0.016 ms
2025/11/25 01:23:35 ---set expiration of list: 0.016 ms
2025/11/25 01:23:35 Entered AppendTCPInfo()
2025/11/25 01:23:35 ---append JSON to Redis DB: 0.017 ms
2025/11/25 01:23:35 ---trim Redis DB: 0.018 ms
2025/11/25 01:23:35 ---set expiration of list: 0.016 ms
2025/11/25 01:23:35 Entered AppendTCPInfo()
2025/11/25 01:23:35 ---append JSON to Redis DB: 0.017 ms
2025/11/25 01:23:35 ---trim Redis DB: 0.017 ms
2025/11/25 01:23:35 ---set expiration of list: 0.016 ms
2025/11/25 01:23:35 Entered AppendTCPInfo()
2025/11/25 01:23:35 ---append JSON to Redis DB: 0.017 ms
2025/11/25 01:23:35 ---trim Redis DB: 0.017 ms
2025/11/25 01:23:35 ---set expiration of list: 0.016 ms
2025/11/25 01:23:35 Entered AppendTCPInfo()
2025/11/25 01:23:35 ---append JSON to Redis DB: 0.017 ms
2025/11/25 01:23:35 ---trim Redis DB: 0.016 ms
2025/11/25 01:23:35 ---set expiration of list: 0.016 ms
2025/11/25 01:23:35 Entered AppendTCPInfo()
2025/11/25 01:23:35 ---append JSON to Redis DB: 0.018 ms
2025/11/25 01:23:35 ---trim Redis DB: 0.016 ms
2025/11/25 01:23:35 ---set expiration of list: 0.016 ms
2025/11/25 01:23:35 Entered AppendTCPInfo()
2025/11/25 01:23:35 ---append JSON to Redis DB: 0.017 ms
2025/11/25 01:23:35 ---trim Redis DB: 0.017 ms
2025/11/25 01:23:35 ---set expiration of list: 0.016 ms
2025/11/25 01:23:35 Entered AppendTCPInfo()
2025/11/25 01:23:35 ---append JSON to Redis DB: 0.018 ms
2025/11/25 01:23:35 ---trim Redis DB: 0.018 ms
2025/11/25 01:23:35 ---set expiration of list: 0.017 ms
2025/11/25 01:23:35 Entered AppendTCPInfo()
2025/11/25 01:23:35 ---append JSON to Redis DB: 0.017 ms
2025/11/25 01:23:35 ---trim Redis DB: 0.016 ms
2025/11/25 01:23:35 ---set expiration of list: 0.017 ms
2025/11/25 01:23:35 Entered AppendTCPInfo()
2025/11/25 01:23:35 ---append JSON to Redis DB: 0.017 ms
2025/11/25 01:23:35 ---trim Redis DB: 0.017 ms
2025/11/25 01:23:35 ---set expiration of list: 0.017 ms
2025/11/25 01:23:35 Entered AppendTCPInfo()
2025/11/25 01:23:35 ---append JSON to Redis DB: 0.017 ms
2025/11/25 01:23:35 ---trim Redis DB: 0.016 ms
2025/11/25 01:23:35 ---set expiration of list: 0.017 ms
2025/11/25 01:23:35 Entered AppendTCPInfo()
2025/11/25 01:23:35 ---append JSON to Redis DB: 0.019 ms
2025/11/25 01:23:35 ---trim Redis DB: 0.017 ms
2025/11/25 01:23:35 ---set expiration of list: 0.017 ms
2025/11/25 01:23:35 Entered AppendTCPInfo()
2025/11/25 01:23:35 ---append JSON to Redis DB: 0.017 ms
2025/11/25 01:23:35 ---trim Redis DB: 0.017 ms
2025/11/25 01:23:35 ---set expiration of list: 0.016 ms
2025/11/25 01:23:35 Entered AppendTCPInfo()
2025/11/25 01:23:35 ---append JSON to Redis DB: 0.017 ms
2025/11/25 01:23:35 ---trim Redis DB: 0.017 ms
2025/11/25 01:23:35 ---set expiration of list: 0.017 ms
2025/11/25 01:23:35 Entered AppendTCPInfo()
2025/11/25 01:23:35 ---append JSON to Redis DB: 0.017 ms
2025/11/25 01:23:35 ---trim Redis DB: 0.017 ms
2025/11/25 01:23:35 ---set expiration of list: 0.016 ms
2025/11/25 01:23:35 Entered AppendTCPInfo()
2025/11/25 01:23:35 ---append JSON to Redis DB: 0.018 ms
2025/11/25 01:23:35 ---trim Redis DB: 0.020 ms
2025/11/25 01:23:35 ---set expiration of list: 0.019 ms
2025/11/25 01:23:35 Entered AppendTCPInfo()
2025/11/25 01:23:35 ---append JSON to Redis DB: 0.017 ms
2025/11/25 01:23:35 ---trim Redis DB: 0.016 ms
2025/11/25 01:23:35 ---set expiration of list: 0.016 ms
2025/11/25 01:23:35 Entered AppendTCPInfo()
2025/11/25 01:23:35 ---append JSON to Redis DB: 0.018 ms
2025/11/25 01:23:35 ---trim Redis DB: 0.017 ms
2025/11/25 01:23:35 ---set expiration of list: 0.017 ms
2025/11/25 01:23:35 Entered AppendTCPInfo()
2025/11/25 01:23:35 ---append JSON to Redis DB: 0.017 ms
2025/11/25 01:23:35 ---trim Redis DB: 0.016 ms
2025/11/25 01:23:35 ---set expiration of list: 0.017 ms
2025/11/25 01:23:35 Entered AppendTCPInfo()
2025/11/25 01:23:35 ---append JSON to Redis DB: 0.017 ms
2025/11/25 01:23:35 ---trim Redis DB: 0.017 ms
2025/11/25 01:23:35 ---set expiration of list: 0.016 ms
2025/11/25 01:23:35 Entered AppendTCPInfo()
2025/11/25 01:23:35 ---append JSON to Redis DB: 0.018 ms
2025/11/25 01:23:35 ---trim Redis DB: 0.022 ms
2025/11/25 01:23:35 ---set expiration of list: 0.025 ms
2025/11/25 01:23:35 Entered AppendTCPInfo()
2025/11/25 01:23:35 ---append JSON to Redis DB: 0.019 ms
2025/11/25 01:23:35 ---trim Redis DB: 0.018 ms
2025/11/25 01:23:35 ---set expiration of list: 0.017 ms
2025/11/25 01:23:35 Entered AppendTCPInfo()
2025/11/25 01:23:35 ---append JSON to Redis DB: 0.018 ms
2025/11/25 01:23:35 ---trim Redis DB: 0.022 ms
2025/11/25 01:23:35 ---set expiration of list: 0.017 ms
2025/11/25 01:23:35 Entered AppendTCPInfo()
2025/11/25 01:23:35 ---append JSON to Redis DB: 0.018 ms
2025/11/25 01:23:35 ---trim Redis DB: 0.017 ms
2025/11/25 01:23:35 ---set expiration of list: 0.020 ms
2025/11/25 01:23:35 Entered AppendTCPInfo()
2025/11/25 01:23:35 ---append JSON to Redis DB: 0.018 ms
2025/11/25 01:23:35 ---trim Redis DB: 0.022 ms
2025/11/25 01:23:35 ---set expiration of list: 0.017 ms
2025/11/25 01:23:35 Entered AppendTCPInfo()
2025/11/25 01:23:35 ---append JSON to Redis DB: 0.021 ms
2025/11/25 01:23:35 ---trim Redis DB: 0.018 ms
2025/11/25 01:23:35 ---set expiration of list: 0.019 ms
2025/11/25 01:23:35 Entered AppendTCPInfo()
2025/11/25 01:23:35 ---append JSON to Redis DB: 0.023 ms
2025/11/25 01:23:35 ---trim Redis DB: 0.018 ms
2025/11/25 01:23:35 ---set expiration of list: 0.022 ms
2025/11/25 01:23:35 Entered AppendTCPInfo()
2025/11/25 01:23:35 ---append JSON to Redis DB: 0.020 ms
2025/11/25 01:23:35 ---trim Redis DB: 0.018 ms
2025/11/25 01:23:35 ---set expiration of list: 0.019 ms
2025/11/25 01:23:35 Entered AppendTCPInfo()
2025/11/25 01:23:35 ---append JSON to Redis DB: 0.018 ms
2025/11/25 01:23:35 ---trim Redis DB: 0.020 ms
2025/11/25 01:23:35 ---set expiration of list: 0.015 ms
2025/11/25 01:23:35 Entered AppendTCPInfo()
2025/11/25 01:23:35 ---append JSON to Redis DB: 0.019 ms
2025/11/25 01:23:35 ---trim Redis DB: 0.017 ms
2025/11/25 01:23:35 ---set expiration of list: 0.016 ms
2025/11/25 01:23:35 Entered AppendTCPInfo()
2025/11/25 01:23:35 ---append JSON to Redis DB: 0.017 ms
2025/11/25 01:23:35 ---trim Redis DB: 0.019 ms
2025/11/25 01:23:35 ---set expiration of list: 0.016 ms
2025/11/25 01:23:35 Entered AppendTCPInfo()
2025/11/25 01:23:35 ---append JSON to Redis DB: 0.017 ms
2025/11/25 01:23:35 ---trim Redis DB: 0.017 ms
2025/11/25 01:23:35 ---set expiration of list: 0.017 ms
2025/11/25 01:23:35 Entered AppendTCPInfo()
2025/11/25 01:23:35 ---append JSON to Redis DB: 0.017 ms
2025/11/25 01:23:35 ---trim Redis DB: 0.017 ms
2025/11/25 01:23:35 ---set expiration of list: 0.016 ms
2025/11/25 01:23:35 Entered AppendTCPInfo()
2025/11/25 01:23:35 ---append JSON to Redis DB: 0.018 ms
2025/11/25 01:23:35 ---trim Redis DB: 0.018 ms
2025/11/25 01:23:35 ---set expiration of list: 0.019 ms
2025/11/25 01:23:35 Entered AppendTCPInfo()
2025/11/25 01:23:35 ---append JSON to Redis DB: 0.018 ms
2025/11/25 01:23:35 ---trim Redis DB: 0.017 ms
2025/11/25 01:23:35 ---set expiration of list: 0.016 ms
2025/11/25 01:23:35 Entered AppendTCPInfo()
2025/11/25 01:23:35 ---append JSON to Redis DB: 0.017 ms
2025/11/25 01:23:35 ---trim Redis DB: 0.016 ms
2025/11/25 01:23:35 ---set expiration of list: 0.016 ms
2025/11/25 01:23:35 Entered AppendTCPInfo()
2025/11/25 01:23:35 ---append JSON to Redis DB: 0.017 ms
2025/11/25 01:23:35 ---trim Redis DB: 0.016 ms
2025/11/25 01:23:35 ---set expiration of list: 0.016 ms
2025/11/25 01:23:35 Entered AppendTCPInfo()
2025/11/25 01:23:35 ---append JSON to Redis DB: 0.025 ms
2025/11/25 01:23:35 ---trim Redis DB: 0.018 ms
2025/11/25 01:23:35 ---set expiration of list: 0.019 ms
2025/11/25 01:23:35 Entered AppendTCPInfo()
2025/11/25 01:23:35 ---append JSON to Redis DB: 0.025 ms
2025/11/25 01:23:35 ---trim Redis DB: 0.017 ms
2025/11/25 01:23:35 ---set expiration of list: 0.017 ms
2025/11/25 01:23:35 Entered AppendTCPInfo()
2025/11/25 01:23:35 ---append JSON to Redis DB: 0.022 ms
2025/11/25 01:23:35 ---trim Redis DB: 0.017 ms
2025/11/25 01:23:35 ---set expiration of list: 0.024 ms
2025/11/25 01:23:35 Entered AppendTCPInfo()
2025/11/25 01:23:35 ---append JSON to Redis DB: 0.018 ms
2025/11/25 01:23:35 ---trim Redis DB: 0.027 ms
2025/11/25 01:23:35 ---set expiration of list: 0.032 ms
2025/11/25 01:23:35 Entered AppendTCPInfo()
2025/11/25 01:23:35 ---append JSON to Redis DB: 0.019 ms
2025/11/25 01:23:35 ---trim Redis DB: 0.017 ms
2025/11/25 01:23:35 ---set expiration of list: 0.017 ms
2025/11/25 01:23:35 Entered AppendTCPInfo()
2025/11/25 01:23:35 ---append JSON to Redis DB: 0.018 ms
2025/11/25 01:23:35 ---trim Redis DB: 0.022 ms
2025/11/25 01:23:35 ---set expiration of list: 0.018 ms
2025/11/25 01:23:35 Entered AppendTCPInfo()
2025/11/25 01:23:35 ---append JSON to Redis DB: 0.024 ms
2025/11/25 01:23:35 ---trim Redis DB: 0.022 ms
2025/11/25 01:23:35 ---set expiration of list: 0.018 ms
2025/11/25 01:23:35 Entered AppendTCPInfo()
2025/11/25 01:23:35 ---append JSON to Redis DB: 0.020 ms
2025/11/25 01:23:35 ---trim Redis DB: 0.026 ms
2025/11/25 01:23:35 ---set expiration of list: 0.022 ms
2025/11/25 01:23:35 Entered AppendTCPInfo()
2025/11/25 01:23:35 ---append JSON to Redis DB: 0.022 ms
2025/11/25 01:23:35 ---trim Redis DB: 0.021 ms
2025/11/25 01:23:35 ---set expiration of list: 0.017 ms
2025/11/25 01:23:35 Entered AppendTCPInfo()
2025/11/25 01:23:35 ---append JSON to Redis DB: 0.017 ms
2025/11/25 01:23:35 ---trim Redis DB: 0.020 ms
2025/11/25 01:23:35 ---set expiration of list: 0.018 ms
2025/11/25 01:23:35 Entered AppendTCPInfo()
2025/11/25 01:23:35 ---append JSON to Redis DB: 0.022 ms
2025/11/25 01:23:35 ---trim Redis DB: 0.017 ms
2025/11/25 01:23:35 ---set expiration of list: 0.018 ms
2025/11/25 01:23:35 Entered AppendTCPInfo()
2025/11/25 01:23:35 ---append JSON to Redis DB: 0.022 ms
2025/11/25 01:23:35 ---trim Redis DB: 0.017 ms
2025/11/25 01:23:35 ---set expiration of list: 0.016 ms
2025/11/25 01:23:35 Entered AppendTCPInfo()
2025/11/25 01:23:35 ---append JSON to Redis DB: 0.023 ms
2025/11/25 01:23:35 ---trim Redis DB: 0.018 ms
2025/11/25 01:23:35 ---set expiration of list: 0.017 ms
2025/11/25 01:23:35 Entered AppendTCPInfo()
2025/11/25 01:23:35 ---append JSON to Redis DB: 0.018 ms
2025/11/25 01:23:35 ---trim Redis DB: 0.033 ms
2025/11/25 01:23:35 ---set expiration of list: 0.024 ms
2025/11/25 01:23:35 Entered AppendTCPInfo()
2025/11/25 01:23:35 ---append JSON to Redis DB: 0.021 ms
2025/11/25 01:23:35 ---trim Redis DB: 0.017 ms
2025/11/25 01:23:35 ---set expiration of list: 0.017 ms
2025/11/25 01:23:35 Entered AppendTCPInfo()
2025/11/25 01:23:35 ---append JSON to Redis DB: 0.025 ms
2025/11/25 01:23:35 ---trim Redis DB: 0.021 ms
2025/11/25 01:23:35 ---set expiration of list: 0.023 ms
2025/11/25 01:23:35 Entered AppendTCPInfo()
2025/11/25 01:23:35 ---append JSON to Redis DB: 0.032 ms
2025/11/25 01:23:35 ---trim Redis DB: 0.033 ms
2025/11/25 01:23:35 ---set expiration of list: 0.033 ms
2025/11/25 01:23:35 Entered AppendTCPInfo()
2025/11/25 01:23:35 ---append JSON to Redis DB: 0.044 ms
2025/11/25 01:23:35 ---trim Redis DB: 0.023 ms
2025/11/25 01:23:35 ---set expiration of list: 0.023 ms
2025/11/25 01:23:35 Entered AppendTCPInfo()
2025/11/25 01:23:35 ---append JSON to Redis DB: 0.024 ms
2025/11/25 01:23:35 ---trim Redis DB: 0.020 ms
2025/11/25 01:23:35 ---set expiration of list: 0.023 ms
2025/11/25 01:23:35 Entered AppendTCPInfo()
2025/11/25 01:23:35 ---append JSON to Redis DB: 0.022 ms
2025/11/25 01:23:35 ---trim Redis DB: 0.017 ms
2025/11/25 01:23:35 ---set expiration of list: 0.016 ms
2025/11/25 01:23:35 Entered AppendTCPInfo()
2025/11/25 01:23:35 ---append JSON to Redis DB: 0.017 ms
2025/11/25 01:23:35 ---trim Redis DB: 0.018 ms
2025/11/25 01:23:35 ---set expiration of list: 0.017 ms
2025/11/25 01:23:35 Entered AppendTCPInfo()
2025/11/25 01:23:35 ---append JSON to Redis DB: 0.018 ms
2025/11/25 01:23:35 ---trim Redis DB: 0.018 ms
2025/11/25 01:23:35 ---set expiration of list: 0.019 ms
2025/11/25 01:23:35 Entered AppendTCPInfo()
2025/11/25 01:23:35 ---append JSON to Redis DB: 0.020 ms
2025/11/25 01:23:35 ---trim Redis DB: 0.016 ms
2025/11/25 01:23:35 ---set expiration of list: 0.016 ms
2025/11/25 01:23:35 Entered AppendTCPInfo()
2025/11/25 01:23:35 ---append JSON to Redis DB: 0.017 ms
2025/11/25 01:23:35 ---trim Redis DB: 0.016 ms
2025/11/25 01:23:35 ---set expiration of list: 0.017 ms
2025/11/25 01:23:35 Entered AppendTCPInfo()
2025/11/25 01:23:35 ---append JSON to Redis DB: 0.021 ms
2025/11/25 01:23:35 ---trim Redis DB: 0.018 ms
2025/11/25 01:23:35 ---set expiration of list: 0.017 ms
2025/11/25 01:23:35 Entered AppendTCPInfo()
2025/11/25 01:23:35 ---append JSON to Redis DB: 0.017 ms
2025/11/25 01:23:35 ---trim Redis DB: 0.016 ms
2025/11/25 01:23:35 ---set expiration of list: 0.016 ms
2025/11/25 01:23:35 Entered AppendTCPInfo()
2025/11/25 01:23:35 ---append JSON to Redis DB: 0.017 ms
2025/11/25 01:23:35 ---trim Redis DB: 0.017 ms
2025/11/25 01:23:35 ---set expiration of list: 0.018 ms
2025/11/25 01:23:35 Entered AppendTCPInfo()
2025/11/25 01:23:35 ---append JSON to Redis DB: 0.017 ms
2025/11/25 01:23:35 ---trim Redis DB: 0.016 ms
2025/11/25 01:23:35 ---set expiration of list: 0.016 ms
2025/11/25 01:23:35 Entered AppendTCPInfo()
2025/11/25 01:23:35 ---append JSON to Redis DB: 0.018 ms
2025/11/25 01:23:35 ---trim Redis DB: 0.018 ms
2025/11/25 01:23:35 ---set expiration of list: 0.017 ms
2025/11/25 01:23:35 Entered AppendTCPInfo()
2025/11/25 01:23:35 ---append JSON to Redis DB: 0.017 ms
2025/11/25 01:23:35 ---trim Redis DB: 0.017 ms
2025/11/25 01:23:35 ---set expiration of list: 0.018 ms
2025/11/25 01:23:35 Entered AppendTCPInfo()
2025/11/25 01:23:35 ---append JSON to Redis DB: 0.018 ms
2025/11/25 01:23:35 ---trim Redis DB: 0.017 ms
2025/11/25 01:23:35 ---set expiration of list: 0.017 ms
2025/11/25 01:23:35 Entered AppendTCPInfo()
2025/11/25 01:23:35 ---append JSON to Redis DB: 0.019 ms
2025/11/25 01:23:35 ---trim Redis DB: 0.017 ms
2025/11/25 01:23:35 ---set expiration of list: 0.016 ms
2025/11/25 01:23:35 Entered AppendTCPInfo()
2025/11/25 01:23:35 ---append JSON to Redis DB: 0.017 ms
2025/11/25 01:23:35 ---trim Redis DB: 0.017 ms
2025/11/25 01:23:35 ---set expiration of list: 0.017 ms
2025/11/25 01:23:35 Entered AppendTCPInfo()
2025/11/25 01:23:35 ---append JSON to Redis DB: 0.025 ms
2025/11/25 01:23:35 ---trim Redis DB: 0.018 ms
2025/11/25 01:23:35 ---set expiration of list: 0.016 ms
2025/11/25 01:23:35 Entered AppendTCPInfo()
2025/11/25 01:23:35 ---append JSON to Redis DB: 0.018 ms
2025/11/25 01:23:35 ---trim Redis DB: 0.017 ms
2025/11/25 01:23:35 ---set expiration of list: 0.016 ms
2025/11/25 01:23:35 Entered AppendTCPInfo()
2025/11/25 01:23:35 ---append JSON to Redis DB: 0.017 ms
2025/11/25 01:23:35 ---trim Redis DB: 0.016 ms
2025/11/25 01:23:35 ---set expiration of list: 0.016 ms
2025/11/25 01:23:35 Entered AppendTCPInfo()
2025/11/25 01:23:35 ---append JSON to Redis DB: 0.020 ms
2025/11/25 01:23:35 ---trim Redis DB: 0.018 ms
2025/11/25 01:23:35 ---set expiration of list: 0.018 ms
2025/11/25 01:23:35 Entered AppendTCPInfo()
2025/11/25 01:23:35 ---append JSON to Redis DB: 0.020 ms
2025/11/25 01:23:35 ---trim Redis DB: 0.017 ms
2025/11/25 01:23:35 ---set expiration of list: 0.016 ms
2025/11/25 01:23:35 Entered AppendTCPInfo()
2025/11/25 01:23:35 ---append JSON to Redis DB: 0.017 ms
2025/11/25 01:23:35 ---trim Redis DB: 0.016 ms
2025/11/25 01:23:35 ---set expiration of list: 0.016 ms
2025/11/25 01:23:35 Entered AppendTCPInfo()
2025/11/25 01:23:35 ---append JSON to Redis DB: 0.017 ms
2025/11/25 01:23:35 ---trim Redis DB: 0.016 ms
2025/11/25 01:23:35 ---set expiration of list: 0.016 ms
2025/11/25 01:23:35 Entered AppendTCPInfo()
2025/11/25 01:23:35 ---append JSON to Redis DB: 0.017 ms
2025/11/25 01:23:35 ---trim Redis DB: 0.017 ms
2025/11/25 01:23:35 ---set expiration of list: 0.016 ms
2025/11/25 01:23:35 Entered AppendTCPInfo()
2025/11/25 01:23:35 ---append JSON to Redis DB: 0.017 ms
2025/11/25 01:23:35 ---trim Redis DB: 0.016 ms
2025/11/25 01:23:35 ---set expiration of list: 0.016 ms
2025/11/25 01:23:35 Entered AppendTCPInfo()
2025/11/25 01:23:35 ---append JSON to Redis DB: 0.017 ms
2025/11/25 01:23:35 ---trim Redis DB: 0.019 ms
2025/11/25 01:23:35 ---set expiration of list: 0.016 ms
2025/11/25 01:23:35 Entered AppendTCPInfo()
2025/11/25 01:23:35 ---append JSON to Redis DB: 0.020 ms
2025/11/25 01:23:35 ---trim Redis DB: 0.020 ms
2025/11/25 01:23:35 ---set expiration of list: 0.018 ms
2025/11/25 01:23:35 Entered AppendTCPInfo()
2025/11/25 01:23:35 ---append JSON to Redis DB: 0.018 ms
2025/11/25 01:23:35 ---trim Redis DB: 0.017 ms
2025/11/25 01:23:35 ---set expiration of list: 0.016 ms
2025/11/25 01:23:35 Entered AppendTCPInfo()
2025/11/25 01:23:35 ---append JSON to Redis DB: 0.017 ms
2025/11/25 01:23:35 ---trim Redis DB: 0.018 ms
2025/11/25 01:23:35 ---set expiration of list: 0.016 ms
2025/11/25 01:23:35 Entered AppendTCPInfo()
2025/11/25 01:23:35 ---append JSON to Redis DB: 0.018 ms
2025/11/25 01:23:35 ---trim Redis DB: 0.016 ms
2025/11/25 01:23:35 ---set expiration of list: 0.016 ms
2025/11/25 01:23:35 Entered AppendTCPInfo()
2025/11/25 01:23:35 ---append JSON to Redis DB: 0.017 ms
2025/11/25 01:23:35 ---trim Redis DB: 0.019 ms
2025/11/25 01:23:35 ---set expiration of list: 0.018 ms
2025/11/25 01:23:35 Entered AppendTCPInfo()
2025/11/25 01:23:35 ---append JSON to Redis DB: 0.018 ms
2025/11/25 01:23:35 ---trim Redis DB: 0.017 ms
2025/11/25 01:23:35 ---set expiration of list: 0.016 ms
2025/11/25 01:23:35 Entered AppendTCPInfo()
2025/11/25 01:23:35 ---append JSON to Redis DB: 0.018 ms
2025/11/25 01:23:35 ---trim Redis DB: 0.016 ms
2025/11/25 01:23:35 ---set expiration of list: 0.017 ms
2025/11/25 01:23:35 Entered AppendTCPInfo()
2025/11/25 01:23:35 ---append JSON to Redis DB: 0.017 ms
2025/11/25 01:23:35 ---trim Redis DB: 0.020 ms
2025/11/25 01:23:35 ---set expiration of list: 0.017 ms
2025/11/25 01:23:35 Entered AppendTCPInfo()
2025/11/25 01:23:35 ---append JSON to Redis DB: 0.019 ms
2025/11/25 01:23:35 ---trim Redis DB: 0.018 ms
2025/11/25 01:23:35 ---set expiration of list: 0.016 ms
2025/11/25 01:23:35 Entered AppendTCPInfo()
2025/11/25 01:23:35 ---append JSON to Redis DB: 0.018 ms
2025/11/25 01:23:35 ---trim Redis DB: 0.027 ms
2025/11/25 01:23:35 ---set expiration of list: 0.024 ms
2025/11/25 01:23:35 Entered AppendTCPInfo()
2025/11/25 01:23:35 ---append JSON to Redis DB: 0.019 ms
2025/11/25 01:23:35 ---trim Redis DB: 0.017 ms
2025/11/25 01:23:35 ---set expiration of list: 0.016 ms
2025/11/25 01:23:35 Entered AppendTCPInfo()
2025/11/25 01:23:35 ---append JSON to Redis DB: 0.017 ms
2025/11/25 01:23:35 ---trim Redis DB: 0.021 ms
2025/11/25 01:23:35 ---set expiration of list: 0.018 ms
2025/11/25 01:23:35 Entered AppendTCPInfo()
2025/11/25 01:23:35 ---append JSON to Redis DB: 0.019 ms
2025/11/25 01:23:35 ---trim Redis DB: 0.017 ms
2025/11/25 01:23:35 ---set expiration of list: 0.017 ms
2025/11/25 01:23:35 Entered AppendTCPInfo()
2025/11/25 01:23:35 ---append JSON to Redis DB: 0.018 ms
2025/11/25 01:23:35 ---trim Redis DB: 0.018 ms
2025/11/25 01:23:35 ---set expiration of list: 0.017 ms
2025/11/25 01:23:35 Entered AppendTCPInfo()
2025/11/25 01:23:35 ---append JSON to Redis DB: 0.018 ms
2025/11/25 01:23:35 ---trim Redis DB: 0.017 ms
2025/11/25 01:23:35 ---set expiration of list: 0.017 ms
2025/11/25 01:23:35 Entered AppendTCPInfo()
2025/11/25 01:23:35 ---append JSON to Redis DB: 0.017 ms
2025/11/25 01:23:35 ---trim Redis DB: 0.016 ms
2025/11/25 01:23:35 ---set expiration of list: 0.016 ms
2025/11/25 01:23:35 Entered AppendTCPInfo()
2025/11/25 01:23:35 ---append JSON to Redis DB: 0.017 ms
2025/11/25 01:23:35 ---trim Redis DB: 0.019 ms
2025/11/25 01:23:35 ---set expiration of list: 0.017 ms
2025/11/25 01:23:35 Entered AppendTCPInfo()
2025/11/25 01:23:35 ---append JSON to Redis DB: 0.017 ms
2025/11/25 01:23:35 ---trim Redis DB: 0.017 ms
2025/11/25 01:23:35 ---set expiration of list: 0.016 ms
2025/11/25 01:23:35 Entered AppendTCPInfo()
2025/11/25 01:23:35 ---append JSON to Redis DB: 0.017 ms
2025/11/25 01:23:35 ---trim Redis DB: 0.017 ms
2025/11/25 01:23:35 ---set expiration of list: 0.016 ms
2025/11/25 01:23:35 Entered AppendTCPInfo()
2025/11/25 01:23:35 ---append JSON to Redis DB: 0.017 ms
2025/11/25 01:23:35 ---trim Redis DB: 0.017 ms
2025/11/25 01:23:35 ---set expiration of list: 0.016 ms
2025/11/25 01:23:35 Entered AppendTCPInfo()
2025/11/25 01:23:35 ---append JSON to Redis DB: 0.017 ms
2025/11/25 01:23:35 ---trim Redis DB: 0.019 ms
2025/11/25 01:23:35 ---set expiration of list: 0.023 ms
2025/11/25 01:23:35 Entered AppendTCPInfo()
2025/11/25 01:23:35 ---append JSON to Redis DB: 0.020 ms
2025/11/25 01:23:35 ---trim Redis DB: 0.017 ms
2025/11/25 01:23:35 ---set expiration of list: 0.018 ms
2025/11/25 01:23:35 Entered AppendTCPInfo()
2025/11/25 01:23:35 ---append JSON to Redis DB: 0.017 ms
2025/11/25 01:23:35 ---trim Redis DB: 0.017 ms
2025/11/25 01:23:35 ---set expiration of list: 0.045 ms
2025/11/25 01:23:35 Entered AppendTCPInfo()
2025/11/25 01:23:35 ---append JSON to Redis DB: 0.017 ms
2025/11/25 01:23:35 ---trim Redis DB: 0.017 ms
2025/11/25 01:23:35 ---set expiration of list: 0.016 ms
2025/11/25 01:23:35 Entered AppendTCPInfo()
2025/11/25 01:23:35 ---append JSON to Redis DB: 0.017 ms
2025/11/25 01:23:35 ---trim Redis DB: 0.018 ms
2025/11/25 01:23:35 ---set expiration of list: 0.016 ms
2025/11/25 01:23:35 Entered AppendTCPInfo()
2025/11/25 01:23:35 ---append JSON to Redis DB: 0.022 ms
2025/11/25 01:23:35 ---trim Redis DB: 0.024 ms
2025/11/25 01:23:35 ---set expiration of list: 0.021 ms
2025/11/25 01:23:35 Entered AppendTCPInfo()
2025/11/25 01:23:35 ---append JSON to Redis DB: 0.018 ms
2025/11/25 01:23:35 ---trim Redis DB: 0.017 ms
2025/11/25 01:23:35 ---set expiration of list: 0.020 ms
2025/11/25 01:23:35 Entered AppendTCPInfo()
2025/11/25 01:23:35 ---append JSON to Redis DB: 0.023 ms
2025/11/25 01:23:35 ---trim Redis DB: 0.017 ms
2025/11/25 01:23:35 ---set expiration of list: 0.018 ms
2025/11/25 01:23:35 Entered AppendTCPInfo()
2025/11/25 01:23:35 ---append JSON to Redis DB: 0.018 ms
2025/11/25 01:23:35 ---trim Redis DB: 0.018 ms
2025/11/25 01:23:35 ---set expiration of list: 0.029 ms
2025/11/25 01:23:35 Entered AppendTCPInfo()
2025/11/25 01:23:35 ---append JSON to Redis DB: 0.021 ms
2025/11/25 01:23:35 ---trim Redis DB: 0.020 ms
2025/11/25 01:23:35 ---set expiration of list: 0.018 ms
2025/11/25 01:23:35 Entered AppendTCPInfo()
2025/11/25 01:23:35 ---append JSON to Redis DB: 0.017 ms
2025/11/25 01:23:35 ---trim Redis DB: 0.017 ms
2025/11/25 01:23:35 ---set expiration of list: 0.017 ms
2025/11/25 01:23:35 Entered AppendTCPInfo()
2025/11/25 01:23:35 ---append JSON to Redis DB: 0.017 ms
2025/11/25 01:23:35 ---trim Redis DB: 0.024 ms
2025/11/25 01:23:35 ---set expiration of list: 0.016 ms
2025/11/25 01:23:35 Entered AppendTCPInfo()
2025/11/25 01:23:35 ---append JSON to Redis DB: 0.018 ms
2025/11/25 01:23:35 ---trim Redis DB: 0.016 ms
2025/11/25 01:23:35 ---set expiration of list: 0.016 ms
2025/11/25 01:23:35 Entered AppendTCPInfo()
2025/11/25 01:23:35 ---append JSON to Redis DB: 0.021 ms
2025/11/25 01:23:35 ---trim Redis DB: 0.016 ms
2025/11/25 01:23:35 ---set expiration of list: 0.016 ms
2025/11/25 01:23:35 Entered AppendTCPInfo()
2025/11/25 01:23:35 ---append JSON to Redis DB: 0.017 ms
2025/11/25 01:23:35 ---trim Redis DB: 0.017 ms
2025/11/25 01:23:35 ---set expiration of list: 0.016 ms
2025/11/25 01:23:35 Entered AppendTCPInfo()
2025/11/25 01:23:35 ---append JSON to Redis DB: 0.017 ms
2025/11/25 01:23:35 ---trim Redis DB: 0.016 ms
2025/11/25 01:23:35 ---set expiration of list: 0.016 ms
2025/11/25 01:23:35 Entered AppendTCPInfo()
2025/11/25 01:23:35 ---append JSON to Redis DB: 0.017 ms
2025/11/25 01:23:35 ---trim Redis DB: 0.016 ms
2025/11/25 01:23:35 ---set expiration of list: 0.016 ms
2025/11/25 01:23:35 Entered AppendTCPInfo()
2025/11/25 01:23:35 ---append JSON to Redis DB: 0.019 ms
2025/11/25 01:23:35 ---trim Redis DB: 0.018 ms
2025/11/25 01:23:35 ---set expiration of list: 0.016 ms
2025/11/25 01:23:35 Entered AppendTCPInfo()
2025/11/25 01:23:35 ---append JSON to Redis DB: 0.017 ms
2025/11/25 01:23:35 ---trim Redis DB: 0.017 ms
2025/11/25 01:23:35 ---set expiration of list: 0.017 ms
2025/11/25 01:23:35 Entered AppendTCPInfo()
2025/11/25 01:23:35 ---append JSON to Redis DB: 0.018 ms
2025/11/25 01:23:35 ---trim Redis DB: 0.017 ms
2025/11/25 01:23:35 ---set expiration of list: 0.018 ms
2025/11/25 01:23:35 Entered AppendTCPInfo()
2025/11/25 01:23:35 ---append JSON to Redis DB: 0.018 ms
2025/11/25 01:23:35 ---trim Redis DB: 0.017 ms
2025/11/25 01:23:35 ---set expiration of list: 0.016 ms
2025/11/25 01:23:35 Entered AppendTCPInfo()
2025/11/25 01:23:35 ---append JSON to Redis DB: 0.017 ms
2025/11/25 01:23:35 ---trim Redis DB: 0.016 ms
2025/11/25 01:23:35 ---set expiration of list: 0.017 ms
2025/11/25 01:23:35 Entered AppendTCPInfo()
2025/11/25 01:23:35 ---append JSON to Redis DB: 0.018 ms
2025/11/25 01:23:35 ---trim Redis DB: 0.017 ms
2025/11/25 01:23:35 ---set expiration of list: 0.017 ms
2025/11/25 01:23:35 Entered AppendTCPInfo()
2025/11/25 01:23:35 ---append JSON to Redis DB: 0.017 ms
2025/11/25 01:23:35 ---trim Redis DB: 0.017 ms
2025/11/25 01:23:35 ---set expiration of list: 0.018 ms
2025/11/25 01:23:35 Entered AppendTCPInfo()
2025/11/25 01:23:35 ---append JSON to Redis DB: 0.017 ms
2025/11/25 01:23:35 ---trim Redis DB: 0.017 ms
2025/11/25 01:23:35 ---set expiration of list: 0.016 ms
2025/11/25 01:23:35 Entered AppendTCPInfo()
2025/11/25 01:23:35 ---append JSON to Redis DB: 0.018 ms
2025/11/25 01:23:35 ---trim Redis DB: 0.016 ms
2025/11/25 01:23:35 ---set expiration of list: 0.019 ms
2025/11/25 01:23:35 Entered AppendTCPInfo()
2025/11/25 01:23:35 ---append JSON to Redis DB: 0.022 ms
2025/11/25 01:23:35 ---trim Redis DB: 0.017 ms
2025/11/25 01:23:35 ---set expiration of list: 0.021 ms
2025/11/25 01:23:35 Entered AppendTCPInfo()
2025/11/25 01:23:35 ---append JSON to Redis DB: 0.017 ms
2025/11/25 01:23:35 ---trim Redis DB: 0.017 ms
2025/11/25 01:23:35 ---set expiration of list: 0.016 ms
2025/11/25 01:23:35 Entered AppendTCPInfo()
2025/11/25 01:23:35 ---append JSON to Redis DB: 0.017 ms
2025/11/25 01:23:35 ---trim Redis DB: 0.017 ms
2025/11/25 01:23:35 ---set expiration of list: 0.016 ms
2025/11/25 01:23:35 Entered AppendTCPInfo()
2025/11/25 01:23:35 ---append JSON to Redis DB: 0.017 ms
2025/11/25 01:23:35 ---trim Redis DB: 0.017 ms
2025/11/25 01:23:35 ---set expiration of list: 0.016 ms
2025/11/25 01:23:35 Entered AppendTCPInfo()
2025/11/25 01:23:35 ---append JSON to Redis DB: 0.017 ms
2025/11/25 01:23:35 ---trim Redis DB: 0.017 ms
2025/11/25 01:23:35 ---set expiration of list: 0.016 ms
2025/11/25 01:23:35 Entered AppendTCPInfo()
2025/11/25 01:23:35 ---append JSON to Redis DB: 0.017 ms
2025/11/25 01:23:35 ---trim Redis DB: 0.017 ms
2025/11/25 01:23:35 ---set expiration of list: 0.016 ms
2025/11/25 01:23:35 Entered AppendTCPInfo()
2025/11/25 01:23:35 ---append JSON to Redis DB: 0.017 ms
2025/11/25 01:23:35 ---trim Redis DB: 0.017 ms
2025/11/25 01:23:35 ---set expiration of list: 0.016 ms
2025/11/25 01:23:35 Entered AppendTCPInfo()
2025/11/25 01:23:35 ---append JSON to Redis DB: 0.017 ms
2025/11/25 01:23:35 ---trim Redis DB: 0.016 ms
2025/11/25 01:23:35 ---set expiration of list: 0.016 ms
2025/11/25 01:23:35 Entered AppendTCPInfo()
2025/11/25 01:23:35 ---append JSON to Redis DB: 0.017 ms
2025/11/25 01:23:35 ---trim Redis DB: 0.017 ms
2025/11/25 01:23:35 ---set expiration of list: 0.016 ms
2025/11/25 01:23:35 Entered AppendTCPInfo()
2025/11/25 01:23:35 ---append JSON to Redis DB: 0.018 ms
2025/11/25 01:23:35 ---trim Redis DB: 0.017 ms
2025/11/25 01:23:35 ---set expiration of list: 0.016 ms
2025/11/25 01:23:35 Entered AppendTCPInfo()
2025/11/25 01:23:35 ---append JSON to Redis DB: 0.017 ms
2025/11/25 01:23:35 ---trim Redis DB: 0.017 ms
2025/11/25 01:23:35 ---set expiration of list: 0.016 ms
2025/11/25 01:23:35 Entered AppendTCPInfo()
2025/11/25 01:23:35 ---append JSON to Redis DB: 0.021 ms
2025/11/25 01:23:35 ---trim Redis DB: 0.017 ms
2025/11/25 01:23:35 ---set expiration of list: 0.017 ms
2025/11/25 01:23:35 Entered AppendTCPInfo()
2025/11/25 01:23:35 ---append JSON to Redis DB: 0.017 ms
2025/11/25 01:23:35 ---trim Redis DB: 0.017 ms
2025/11/25 01:23:35 ---set expiration of list: 0.016 ms
2025/11/25 01:23:35 Entered AppendTCPInfo()
2025/11/25 01:23:35 ---append JSON to Redis DB: 0.017 ms
2025/11/25 01:23:35 ---trim Redis DB: 0.016 ms
2025/11/25 01:23:35 ---set expiration of list: 0.016 ms
2025/11/25 01:23:35 Entered AppendTCPInfo()
2025/11/25 01:23:35 ---append JSON to Redis DB: 0.017 ms
2025/11/25 01:23:35 ---trim Redis DB: 0.017 ms
2025/11/25 01:23:35 ---set expiration of list: 0.017 ms
2025/11/25 01:23:35 Entered AppendTCPInfo()
2025/11/25 01:23:35 ---append JSON to Redis DB: 0.017 ms
2025/11/25 01:23:35 ---trim Redis DB: 0.016 ms
2025/11/25 01:23:35 ---set expiration of list: 0.017 ms
2025/11/25 01:23:35 Entered AppendTCPInfo()
2025/11/25 01:23:35 ---append JSON to Redis DB: 0.017 ms
2025/11/25 01:23:35 ---trim Redis DB: 0.017 ms
2025/11/25 01:23:35 ---set expiration of list: 0.016 ms
2025/11/25 01:23:35 Entered AppendTCPInfo()
2025/11/25 01:23:35 ---append JSON to Redis DB: 0.017 ms
2025/11/25 01:23:35 ---trim Redis DB: 0.019 ms
2025/11/25 01:23:35 ---set expiration of list: 0.030 ms
2025/11/25 01:23:35 Entered AppendTCPInfo()
2025/11/25 01:23:35 ---append JSON to Redis DB: 0.018 ms
2025/11/25 01:23:35 ---trim Redis DB: 0.021 ms
2025/11/25 01:23:35 ---set expiration of list: 0.022 ms
2025/11/25 01:23:35 Entered AppendTCPInfo()
2025/11/25 01:23:35 ---append JSON to Redis DB: 0.019 ms
2025/11/25 01:23:35 ---trim Redis DB: 0.017 ms
2025/11/25 01:23:35 ---set expiration of list: 0.018 ms
2025/11/25 01:23:35 Entered AppendTCPInfo()
2025/11/25 01:23:35 ---append JSON to Redis DB: 0.017 ms
2025/11/25 01:23:35 ---trim Redis DB: 0.018 ms
2025/11/25 01:23:35 ---set expiration of list: 0.017 ms
2025/11/25 01:23:35 Entered AppendTCPInfo()
2025/11/25 01:23:35 ---append JSON to Redis DB: 0.017 ms
2025/11/25 01:23:35 ---trim Redis DB: 0.019 ms
2025/11/25 01:23:35 ---set expiration of list: 0.016 ms
2025/11/25 01:23:35 Entered AppendTCPInfo()
2025/11/25 01:23:35 ---append JSON to Redis DB: 0.017 ms
2025/11/25 01:23:35 ---trim Redis DB: 0.016 ms
2025/11/25 01:23:35 ---set expiration of list: 0.016 ms
2025/11/25 01:23:35 Entered AppendTCPInfo()
2025/11/25 01:23:35 ---append JSON to Redis DB: 0.018 ms
2025/11/25 01:23:35 ---trim Redis DB: 0.017 ms
2025/11/25 01:23:35 ---set expiration of list: 0.017 ms
2025/11/25 01:23:35 Entered AppendTCPInfo()
2025/11/25 01:23:35 ---append JSON to Redis DB: 0.017 ms
2025/11/25 01:23:35 ---trim Redis DB: 0.018 ms
2025/11/25 01:23:35 ---set expiration of list: 0.017 ms
2025/11/25 01:23:35 Entered AppendTCPInfo()
2025/11/25 01:23:35 ---append JSON to Redis DB: 0.018 ms
2025/11/25 01:23:35 ---trim Redis DB: 0.017 ms
2025/11/25 01:23:35 ---set expiration of list: 0.016 ms
2025/11/25 01:23:35 Entered AppendTCPInfo()
2025/11/25 01:23:35 ---append JSON to Redis DB: 0.018 ms
2025/11/25 01:23:35 ---trim Redis DB: 0.017 ms
2025/11/25 01:23:35 ---set expiration of list: 0.016 ms
2025/11/25 01:23:35 Entered AppendTCPInfo()
2025/11/25 01:23:35 ---append JSON to Redis DB: 0.017 ms
2025/11/25 01:23:35 ---trim Redis DB: 0.016 ms
2025/11/25 01:23:35 ---set expiration of list: 0.016 ms
2025/11/25 01:23:35 Entered AppendTCPInfo()
2025/11/25 01:23:35 ---append JSON to Redis DB: 0.023 ms
2025/11/25 01:23:35 ---trim Redis DB: 0.019 ms
2025/11/25 01:23:35 ---set expiration of list: 0.019 ms
2025/11/25 01:23:35 Entered AppendTCPInfo()
2025/11/25 01:23:35 ---append JSON to Redis DB: 0.020 ms
2025/11/25 01:23:35 ---trim Redis DB: 0.017 ms
2025/11/25 01:23:35 ---set expiration of list: 0.016 ms
2025/11/25 01:23:35 Entered AppendTCPInfo()
2025/11/25 01:23:35 ---append JSON to Redis DB: 0.017 ms
2025/11/25 01:23:35 ---trim Redis DB: 0.020 ms
2025/11/25 01:23:35 ---set expiration of list: 0.021 ms
2025/11/25 01:23:35 Entered AppendTCPInfo()
2025/11/25 01:23:35 ---append JSON to Redis DB: 0.018 ms
2025/11/25 01:23:35 ---trim Redis DB: 0.017 ms
2025/11/25 01:23:35 ---set expiration of list: 0.016 ms
2025/11/25 01:23:35 Entered AppendTCPInfo()
2025/11/25 01:23:35 ---append JSON to Redis DB: 0.018 ms
2025/11/25 01:23:35 ---trim Redis DB: 0.018 ms
2025/11/25 01:23:35 ---set expiration of list: 0.017 ms
2025/11/25 01:23:35 Entered AppendTCPInfo()
2025/11/25 01:23:35 ---append JSON to Redis DB: 0.017 ms
2025/11/25 01:23:35 ---trim Redis DB: 0.016 ms
2025/11/25 01:23:35 ---set expiration of list: 0.017 ms
2025/11/25 01:23:35 Entered AppendTCPInfo()
2025/11/25 01:23:35 ---append JSON to Redis DB: 0.017 ms
2025/11/25 01:23:35 ---trim Redis DB: 0.016 ms
2025/11/25 01:23:35 ---set expiration of list: 0.016 ms
2025/11/25 01:23:35 Entered AppendTCPInfo()
2025/11/25 01:23:35 ---append JSON to Redis DB: 0.017 ms
2025/11/25 01:23:35 ---trim Redis DB: 0.017 ms
2025/11/25 01:23:35 ---set expiration of list: 0.017 ms
2025/11/25 01:23:35 Entered AppendTCPInfo()
2025/11/25 01:23:35 ---append JSON to Redis DB: 0.018 ms
2025/11/25 01:23:35 ---trim Redis DB: 0.016 ms
2025/11/25 01:23:35 ---set expiration of list: 0.016 ms
2025/11/25 01:23:35 Entered AppendTCPInfo()
2025/11/25 01:23:35 ---append JSON to Redis DB: 0.017 ms
2025/11/25 01:23:35 ---trim Redis DB: 0.016 ms
2025/11/25 01:23:35 ---set expiration of list: 0.017 ms
2025/11/25 01:23:35 Entered AppendTCPInfo()
2025/11/25 01:23:35 ---append JSON to Redis DB: 0.017 ms
2025/11/25 01:23:35 ---trim Redis DB: 0.017 ms
2025/11/25 01:23:35 ---set expiration of list: 0.016 ms
2025/11/25 01:23:35 Entered AppendTCPInfo()
2025/11/25 01:23:35 ---append JSON to Redis DB: 0.017 ms
2025/11/25 01:23:35 ---trim Redis DB: 0.017 ms
2025/11/25 01:23:35 ---set expiration of list: 0.017 ms
2025/11/25 01:23:35 Entered AppendTCPInfo()
2025/11/25 01:23:35 ---append JSON to Redis DB: 0.017 ms
2025/11/25 01:23:35 ---trim Redis DB: 0.021 ms
2025/11/25 01:23:35 ---set expiration of list: 0.020 ms
2025/11/25 01:23:35 Entered AppendTCPInfo()
2025/11/25 01:23:35 ---append JSON to Redis DB: 0.017 ms
2025/11/25 01:23:35 ---trim Redis DB: 0.017 ms
2025/11/25 01:23:35 ---set expiration of list: 0.017 ms
2025/11/25 01:23:35 Entered AppendTCPInfo()
2025/11/25 01:23:35 ---append JSON to Redis DB: 0.017 ms
2025/11/25 01:23:35 ---trim Redis DB: 0.018 ms
2025/11/25 01:23:35 ---set expiration of list: 0.017 ms
2025/11/25 01:23:35 Entered AppendTCPInfo()
2025/11/25 01:23:35 ---append JSON to Redis DB: 0.017 ms
2025/11/25 01:23:35 ---trim Redis DB: 0.017 ms
2025/11/25 01:23:35 ---set expiration of list: 0.017 ms
2025/11/25 01:23:35 Entered AppendTCPInfo()
2025/11/25 01:23:35 ---append JSON to Redis DB: 0.018 ms
2025/11/25 01:23:35 ---trim Redis DB: 0.017 ms
2025/11/25 01:23:35 ---set expiration of list: 0.017 ms
2025/11/25 01:23:35 Entered AppendTCPInfo()
2025/11/25 01:23:35 ---append JSON to Redis DB: 0.017 ms
2025/11/25 01:23:35 ---trim Redis DB: 0.017 ms
2025/11/25 01:23:35 ---set expiration of list: 0.017 ms
2025/11/25 01:23:35 Entered AppendTCPInfo()
2025/11/25 01:23:35 ---append JSON to Redis DB: 0.017 ms
2025/11/25 01:23:35 ---trim Redis DB: 0.017 ms
2025/11/25 01:23:35 ---set expiration of list: 0.020 ms
2025/11/25 01:23:35 Entered AppendTCPInfo()
2025/11/25 01:23:35 ---append JSON to Redis DB: 0.017 ms
2025/11/25 01:23:35 ---trim Redis DB: 0.017 ms
2025/11/25 01:23:35 ---set expiration of list: 0.016 ms
2025/11/25 01:23:35 Entered AppendTCPInfo()
2025/11/25 01:23:35 ---append JSON to Redis DB: 0.017 ms
2025/11/25 01:23:35 ---trim Redis DB: 0.017 ms
2025/11/25 01:23:35 ---set expiration of list: 0.016 ms
2025/11/25 01:23:35 Entered AppendTCPInfo()
2025/11/25 01:23:35 ---append JSON to Redis DB: 0.017 ms
2025/11/25 01:23:35 ---trim Redis DB: 0.017 ms
2025/11/25 01:23:35 ---set expiration of list: 0.021 ms
2025/11/25 01:23:35 Entered AppendTCPInfo()
2025/11/25 01:23:35 ---append JSON to Redis DB: 0.020 ms
2025/11/25 01:23:35 ---trim Redis DB: 0.019 ms
2025/11/25 01:23:35 ---set expiration of list: 0.019 ms
2025/11/25 01:23:35 Entered AppendTCPInfo()
2025/11/25 01:23:35 ---append JSON to Redis DB: 0.016 ms
2025/11/25 01:23:35 ---trim Redis DB: 0.017 ms
2025/11/25 01:23:35 ---set expiration of list: 0.016 ms
2025/11/25 01:23:35 Entered AppendTCPInfo()
2025/11/25 01:23:35 ---append JSON to Redis DB: 0.017 ms
2025/11/25 01:23:35 ---trim Redis DB: 0.017 ms
2025/11/25 01:23:35 ---set expiration of list: 0.016 ms
2025/11/25 01:23:35 Entered AppendTCPInfo()
2025/11/25 01:23:35 ---append JSON to Redis DB: 0.017 ms
2025/11/25 01:23:35 ---trim Redis DB: 0.027 ms
2025/11/25 01:23:35 ---set expiration of list: 0.025 ms
2025/11/25 01:23:35 Entered AppendTCPInfo()
2025/11/25 01:23:35 ---append JSON to Redis DB: 0.018 ms
2025/11/25 01:23:35 ---trim Redis DB: 0.021 ms
2025/11/25 01:23:35 ---set expiration of list: 0.026 ms
2025/11/25 01:23:35 Entered AppendTCPInfo()
2025/11/25 01:23:35 ---append JSON to Redis DB: 0.023 ms
2025/11/25 01:23:35 ---trim Redis DB: 0.018 ms
2025/11/25 01:23:35 ---set expiration of list: 0.019 ms
2025/11/25 01:23:35 Entered AppendTCPInfo()
2025/11/25 01:23:35 ---append JSON to Redis DB: 0.020 ms
2025/11/25 01:23:35 ---trim Redis DB: 0.018 ms
2025/11/25 01:23:35 ---set expiration of list: 0.017 ms
2025/11/25 01:23:35 Entered AppendTCPInfo()
2025/11/25 01:23:35 ---append JSON to Redis DB: 0.025 ms
2025/11/25 01:23:35 ---trim Redis DB: 0.022 ms
2025/11/25 01:23:35 ---set expiration of list: 0.018 ms
2025/11/25 01:23:35 Entered AppendTCPInfo()
2025/11/25 01:23:35 ---append JSON to Redis DB: 0.018 ms
2025/11/25 01:23:35 ---trim Redis DB: 0.018 ms
2025/11/25 01:23:35 ---set expiration of list: 0.018 ms
2025/11/25 01:23:35 Entered AppendTCPInfo()
2025/11/25 01:23:35 ---append JSON to Redis DB: 0.017 ms
2025/11/25 01:23:35 ---trim Redis DB: 0.019 ms
2025/11/25 01:23:35 ---set expiration of list: 0.020 ms
2025/11/25 01:23:35 Entered AppendTCPInfo()
2025/11/25 01:23:35 ---append JSON to Redis DB: 0.019 ms
2025/11/25 01:23:35 ---trim Redis DB: 0.019 ms
2025/11/25 01:23:35 ---set expiration of list: 0.022 ms
2025/11/25 01:23:35 Entered AppendTCPInfo()
2025/11/25 01:23:35 ---append JSON to Redis DB: 0.019 ms
2025/11/25 01:23:35 ---trim Redis DB: 0.017 ms
2025/11/25 01:23:35 ---set expiration of list: 0.016 ms
2025/11/25 01:23:35 Entered AppendTCPInfo()
2025/11/25 01:23:35 ---append JSON to Redis DB: 0.018 ms
2025/11/25 01:23:35 ---trim Redis DB: 0.016 ms
2025/11/25 01:23:35 ---set expiration of list: 0.017 ms
2025/11/25 01:23:35 Entered AppendTCPInfo()
2025/11/25 01:23:35 ---append JSON to Redis DB: 0.017 ms
2025/11/25 01:23:35 ---trim Redis DB: 0.017 ms
2025/11/25 01:23:35 ---set expiration of list: 0.018 ms
2025/11/25 01:23:35 Entered AppendTCPInfo()
2025/11/25 01:23:35 ---append JSON to Redis DB: 0.017 ms
2025/11/25 01:23:35 ---trim Redis DB: 0.017 ms
2025/11/25 01:23:35 ---set expiration of list: 0.017 ms
2025/11/25 01:23:35 Entered AppendTCPInfo()
2025/11/25 01:23:35 ---append JSON to Redis DB: 0.019 ms
2025/11/25 01:23:35 ---trim Redis DB: 0.017 ms
2025/11/25 01:23:35 ---set expiration of list: 0.017 ms
2025/11/25 01:23:35 Entered AppendTCPInfo()
2025/11/25 01:23:35 ---append JSON to Redis DB: 0.017 ms
2025/11/25 01:23:35 ---trim Redis DB: 0.018 ms
2025/11/25 01:23:35 ---set expiration of list: 0.017 ms
2025/11/25 01:23:35 Entered AppendTCPInfo()
2025/11/25 01:23:35 ---append JSON to Redis DB: 0.030 ms
2025/11/25 01:23:35 ---trim Redis DB: 0.018 ms
2025/11/25 01:23:35 ---set expiration of list: 0.017 ms
2025/11/25 01:23:35 Entered AppendTCPInfo()
2025/11/25 01:23:35 ---append JSON to Redis DB: 0.017 ms
2025/11/25 01:23:35 ---trim Redis DB: 0.018 ms
2025/11/25 01:23:35 ---set expiration of list: 0.018 ms
2025/11/25 01:23:35 Entered AppendTCPInfo()
2025/11/25 01:23:35 ---append JSON to Redis DB: 0.018 ms
2025/11/25 01:23:35 ---trim Redis DB: 0.017 ms
2025/11/25 01:23:35 ---set expiration of list: 0.017 ms
2025/11/25 01:23:35 Entered AppendTCPInfo()
2025/11/25 01:23:35 ---append JSON to Redis DB: 0.017 ms
2025/11/25 01:23:35 ---trim Redis DB: 0.016 ms
2025/11/25 01:23:35 ---set expiration of list: 0.017 ms
2025/11/25 01:23:35 Entered AppendTCPInfo()
2025/11/25 01:23:35 ---append JSON to Redis DB: 0.017 ms
2025/11/25 01:23:35 ---trim Redis DB: 0.017 ms
2025/11/25 01:23:35 ---set expiration of list: 0.018 ms
2025/11/25 01:23:35 Entered AppendTCPInfo()
2025/11/25 01:23:35 ---append JSON to Redis DB: 0.019 ms
2025/11/25 01:23:35 ---trim Redis DB: 0.017 ms
2025/11/25 01:23:35 ---set expiration of list: 0.017 ms
2025/11/25 01:23:35 Entered AppendTCPInfo()
2025/11/25 01:23:35 ---append JSON to Redis DB: 0.017 ms
2025/11/25 01:23:35 ---trim Redis DB: 0.017 ms
2025/11/25 01:23:35 ---set expiration of list: 0.017 ms
2025/11/25 01:23:35 Entered AppendTCPInfo()
2025/11/25 01:23:35 ---append JSON to Redis DB: 0.017 ms
2025/11/25 01:23:35 ---trim Redis DB: 0.017 ms
2025/11/25 01:23:35 ---set expiration of list: 0.017 ms
2025/11/25 01:23:35 Entered AppendTCPInfo()
2025/11/25 01:23:35 ---append JSON to Redis DB: 0.022 ms
2025/11/25 01:23:35 ---trim Redis DB: 0.017 ms
2025/11/25 01:23:35 ---set expiration of list: 0.017 ms
2025/11/25 01:23:35 Entered AppendTCPInfo()
2025/11/25 01:23:35 ---append JSON to Redis DB: 0.017 ms
2025/11/25 01:23:35 ---trim Redis DB: 0.017 ms
2025/11/25 01:23:35 ---set expiration of list: 0.023 ms
2025/11/25 01:23:35 Entered AppendTCPInfo()
2025/11/25 01:23:35 ---append JSON to Redis DB: 0.018 ms
2025/11/25 01:23:35 ---trim Redis DB: 0.019 ms
2025/11/25 01:23:35 ---set expiration of list: 0.017 ms
2025/11/25 01:23:35 Entered AppendTCPInfo()
2025/11/25 01:23:35 ---append JSON to Redis DB: 0.017 ms
2025/11/25 01:23:35 ---trim Redis DB: 0.017 ms
2025/11/25 01:23:35 ---set expiration of list: 0.017 ms
2025/11/25 01:23:35 Entered AppendTCPInfo()
2025/11/25 01:23:35 ---append JSON to Redis DB: 0.021 ms
2025/11/25 01:23:35 ---trim Redis DB: 0.017 ms
2025/11/25 01:23:35 ---set expiration of list: 0.017 ms
2025/11/25 01:23:35 Entered AppendTCPInfo()
2025/11/25 01:23:35 ---append JSON to Redis DB: 0.021 ms
2025/11/25 01:23:35 ---trim Redis DB: 0.017 ms
2025/11/25 01:23:35 ---set expiration of list: 0.017 ms
2025/11/25 01:23:35 Entered AppendTCPInfo()
2025/11/25 01:23:35 ---append JSON to Redis DB: 0.020 ms
2025/11/25 01:23:35 ---trim Redis DB: 0.017 ms
2025/11/25 01:23:35 ---set expiration of list: 0.018 ms
2025/11/25 01:23:35 Entered AppendTCPInfo()
2025/11/25 01:23:35 ---append JSON to Redis DB: 0.018 ms
2025/11/25 01:23:35 ---trim Redis DB: 0.016 ms
2025/11/25 01:23:35 ---set expiration of list: 0.017 ms
2025/11/25 01:23:35 Entered AppendTCPInfo()
2025/11/25 01:23:35 ---append JSON to Redis DB: 0.017 ms
2025/11/25 01:23:35 ---trim Redis DB: 0.016 ms
2025/11/25 01:23:35 ---set expiration of list: 0.016 ms
2025/11/25 01:23:35 Entered AppendTCPInfo()
2025/11/25 01:23:35 ---append JSON to Redis DB: 0.017 ms
2025/11/25 01:23:35 ---trim Redis DB: 0.019 ms
2025/11/25 01:23:35 ---set expiration of list: 0.021 ms
2025/11/25 01:23:35 Entered AppendTCPInfo()
2025/11/25 01:23:35 ---append JSON to Redis DB: 0.018 ms
2025/11/25 01:23:35 ---trim Redis DB: 0.017 ms
2025/11/25 01:23:35 ---set expiration of list: 0.017 ms
2025/11/25 01:23:35 Entered AppendTCPInfo()
2025/11/25 01:23:35 ---append JSON to Redis DB: 0.017 ms
2025/11/25 01:23:35 ---trim Redis DB: 0.017 ms
2025/11/25 01:23:35 ---set expiration of list: 0.016 ms
2025/11/25 01:23:35 Entered AppendTCPInfo()
2025/11/25 01:23:35 ---append JSON to Redis DB: 0.018 ms
2025/11/25 01:23:35 ---trim Redis DB: 0.017 ms
2025/11/25 01:23:35 ---set expiration of list: 0.021 ms
2025/11/25 01:23:35 Entered AppendTCPInfo()
2025/11/25 01:23:35 ---append JSON to Redis DB: 0.018 ms
2025/11/25 01:23:35 ---trim Redis DB: 0.018 ms
2025/11/25 01:23:35 ---set expiration of list: 0.017 ms
2025/11/25 01:23:35 Entered AppendTCPInfo()
2025/11/25 01:23:35 ---append JSON to Redis DB: 0.018 ms
2025/11/25 01:23:35 ---trim Redis DB: 0.017 ms
2025/11/25 01:23:35 ---set expiration of list: 0.017 ms
2025/11/25 01:23:35 Entered AppendTCPInfo()
2025/11/25 01:23:35 ---append JSON to Redis DB: 0.017 ms
2025/11/25 01:23:35 ---trim Redis DB: 0.016 ms
2025/11/25 01:23:35 ---set expiration of list: 0.016 ms
2025/11/25 01:23:35 Entered AppendTCPInfo()
2025/11/25 01:23:35 ---append JSON to Redis DB: 0.017 ms
2025/11/25 01:23:35 ---trim Redis DB: 0.017 ms
2025/11/25 01:23:35 ---set expiration of list: 0.016 ms
2025/11/25 01:23:35 Entered AppendTCPInfo()
2025/11/25 01:23:35 ---append JSON to Redis DB: 0.018 ms
2025/11/25 01:23:35 ---trim Redis DB: 0.017 ms
2025/11/25 01:23:35 ---set expiration of list: 0.020 ms
2025/11/25 01:23:35 Entered AppendTCPInfo()
2025/11/25 01:23:35 ---append JSON to Redis DB: 0.017 ms
2025/11/25 01:23:35 ---trim Redis DB: 0.017 ms
2025/11/25 01:23:35 ---set expiration of list: 0.017 ms
2025/11/25 01:23:35 Entered AppendTCPInfo()
2025/11/25 01:23:35 ---append JSON to Redis DB: 0.017 ms
2025/11/25 01:23:35 ---trim Redis DB: 0.017 ms
2025/11/25 01:23:35 ---set expiration of list: 0.016 ms
2025/11/25 01:23:35 Entered AppendTCPInfo()
2025/11/25 01:23:35 ---append JSON to Redis DB: 0.017 ms
2025/11/25 01:23:35 ---trim Redis DB: 0.017 ms
2025/11/25 01:23:35 ---set expiration of list: 0.017 ms
2025/11/25 01:23:35 Entered AppendTCPInfo()
2025/11/25 01:23:35 ---append JSON to Redis DB: 0.017 ms
2025/11/25 01:23:35 ---trim Redis DB: 0.017 ms
2025/11/25 01:23:35 ---set expiration of list: 0.016 ms
2025/11/25 01:23:35 Entered AppendTCPInfo()
2025/11/25 01:23:35 ---append JSON to Redis DB: 0.017 ms
2025/11/25 01:23:35 ---trim Redis DB: 0.016 ms
2025/11/25 01:23:35 ---set expiration of list: 0.016 ms
2025/11/25 01:23:35 Entered AppendTCPInfo()
2025/11/25 01:23:35 ---append JSON to Redis DB: 0.017 ms
2025/11/25 01:23:35 ---trim Redis DB: 0.016 ms
2025/11/25 01:23:35 ---set expiration of list: 0.016 ms
2025/11/25 01:23:35 Entered AppendTCPInfo()
2025/11/25 01:23:35 ---append JSON to Redis DB: 0.018 ms
2025/11/25 01:23:35 ---trim Redis DB: 0.017 ms
2025/11/25 01:23:35 ---set expiration of list: 0.017 ms
2025/11/25 01:23:35 Entered AppendTCPInfo()
2025/11/25 01:23:35 ---append JSON to Redis DB: 0.018 ms
2025/11/25 01:23:35 ---trim Redis DB: 0.017 ms
2025/11/25 01:23:35 ---set expiration of list: 0.017 ms
2025/11/25 01:23:35 Entered AppendTCPInfo()
2025/11/25 01:23:35 ---append JSON to Redis DB: 0.017 ms
2025/11/25 01:23:35 ---trim Redis DB: 0.019 ms
2025/11/25 01:23:35 ---set expiration of list: 0.018 ms
2025/11/25 01:23:35 Entered AppendTCPInfo()
2025/11/25 01:23:35 ---append JSON to Redis DB: 0.018 ms
2025/11/25 01:23:35 ---trim Redis DB: 0.017 ms
2025/11/25 01:23:35 ---set expiration of list: 0.016 ms
2025/11/25 01:23:35 Entered AppendTCPInfo()
2025/11/25 01:23:35 ---append JSON to Redis DB: 0.029 ms
2025/11/25 01:23:35 ---trim Redis DB: 0.019 ms
2025/11/25 01:23:35 ---set expiration of list: 0.018 ms
2025/11/25 01:23:35 Entered AppendTCPInfo()
2025/11/25 01:23:35 ---append JSON to Redis DB: 0.017 ms
2025/11/25 01:23:35 ---trim Redis DB: 0.018 ms
2025/11/25 01:23:35 ---set expiration of list: 0.016 ms
2025/11/25 01:23:35 Entered AppendTCPInfo()
2025/11/25 01:23:35 ---append JSON to Redis DB: 0.020 ms
2025/11/25 01:23:35 ---trim Redis DB: 0.019 ms
2025/11/25 01:23:35 ---set expiration of list: 0.017 ms
2025/11/25 01:23:35 Entered AppendTCPInfo()
2025/11/25 01:23:35 ---append JSON to Redis DB: 0.018 ms
2025/11/25 01:23:35 ---trim Redis DB: 0.019 ms
2025/11/25 01:23:35 ---set expiration of list: 0.017 ms
2025/11/25 01:23:35 Entered AppendTCPInfo()
2025/11/25 01:23:35 ---append JSON to Redis DB: 0.017 ms
2025/11/25 01:23:35 ---trim Redis DB: 0.016 ms
2025/11/25 01:23:35 ---set expiration of list: 0.017 ms
2025/11/25 01:23:35 Entered AppendTCPInfo()
2025/11/25 01:23:35 ---append JSON to Redis DB: 0.019 ms
2025/11/25 01:23:35 ---trim Redis DB: 0.018 ms
2025/11/25 01:23:35 ---set expiration of list: 0.017 ms
2025/11/25 01:23:35 Entered AppendTCPInfo()
2025/11/25 01:23:35 ---append JSON to Redis DB: 0.019 ms
2025/11/25 01:23:35 ---trim Redis DB: 0.017 ms
2025/11/25 01:23:35 ---set expiration of list: 0.016 ms
2025/11/25 01:23:35 Entered AppendTCPInfo()
2025/11/25 01:23:35 ---append JSON to Redis DB: 0.017 ms
2025/11/25 01:23:35 ---trim Redis DB: 0.017 ms
2025/11/25 01:23:35 ---set expiration of list: 0.017 ms
2025/11/25 01:23:35 Entered AppendTCPInfo()
2025/11/25 01:23:35 ---append JSON to Redis DB: 0.017 ms
2025/11/25 01:23:35 ---trim Redis DB: 0.017 ms
2025/11/25 01:23:35 ---set expiration of list: 0.017 ms
2025/11/25 01:23:35 Entered AppendTCPInfo()
2025/11/25 01:23:35 ---append JSON to Redis DB: 0.017 ms
2025/11/25 01:23:35 ---trim Redis DB: 0.016 ms
2025/11/25 01:23:35 ---set expiration of list: 0.016 ms
2025/11/25 01:23:35 Entered AppendTCPInfo()
2025/11/25 01:23:35 ---append JSON to Redis DB: 0.017 ms
2025/11/25 01:23:35 ---trim Redis DB: 0.017 ms
2025/11/25 01:23:35 ---set expiration of list: 0.016 ms
2025/11/25 01:23:35 Entered AppendTCPInfo()
2025/11/25 01:23:35 ---append JSON to Redis DB: 0.019 ms
2025/11/25 01:23:35 ---trim Redis DB: 0.016 ms
2025/11/25 01:23:35 ---set expiration of list: 0.016 ms
2025/11/25 01:23:35 Entered AppendTCPInfo()
2025/11/25 01:23:35 ---append JSON to Redis DB: 0.017 ms
2025/11/25 01:23:35 ---trim Redis DB: 0.017 ms
2025/11/25 01:23:35 ---set expiration of list: 0.017 ms
2025/11/25 01:23:35 Entered AppendTCPInfo()
2025/11/25 01:23:35 ---append JSON to Redis DB: 0.017 ms
2025/11/25 01:23:35 ---trim Redis DB: 0.016 ms
2025/11/25 01:23:35 ---set expiration of list: 0.017 ms
2025/11/25 01:23:35 Entered AppendTCPInfo()
2025/11/25 01:23:35 ---append JSON to Redis DB: 0.017 ms
2025/11/25 01:23:35 ---trim Redis DB: 0.016 ms
2025/11/25 01:23:35 ---set expiration of list: 0.016 ms
2025/11/25 01:23:35 Entered AppendTCPInfo()
2025/11/25 01:23:35 ---append JSON to Redis DB: 0.017 ms
2025/11/25 01:23:35 ---trim Redis DB: 0.016 ms
2025/11/25 01:23:35 ---set expiration of list: 0.017 ms
2025/11/25 01:23:35 Entered AppendTCPInfo()
2025/11/25 01:23:35 ---append JSON to Redis DB: 0.017 ms
2025/11/25 01:23:35 ---trim Redis DB: 0.016 ms
2025/11/25 01:23:35 ---set expiration of list: 0.016 ms
2025/11/25 01:23:35 Entered AppendTCPInfo()
2025/11/25 01:23:35 ---append JSON to Redis DB: 0.017 ms
2025/11/25 01:23:35 ---trim Redis DB: 0.017 ms
2025/11/25 01:23:35 ---set expiration of list: 0.017 ms
2025/11/25 01:23:35 Entered AppendTCPInfo()
2025/11/25 01:23:35 ---append JSON to Redis DB: 0.018 ms
2025/11/25 01:23:35 ---trim Redis DB: 0.017 ms
2025/11/25 01:23:35 ---set expiration of list: 0.019 ms
2025/11/25 01:23:35 Entered AppendTCPInfo()
2025/11/25 01:23:35 ---append JSON to Redis DB: 0.017 ms
2025/11/25 01:23:35 ---trim Redis DB: 0.016 ms
2025/11/25 01:23:35 ---set expiration of list: 0.016 ms
2025/11/25 01:23:35 Entered AppendTCPInfo()
2025/11/25 01:23:35 ---append JSON to Redis DB: 0.017 ms
2025/11/25 01:23:35 ---trim Redis DB: 0.016 ms
2025/11/25 01:23:35 ---set expiration of list: 0.019 ms
2025/11/25 01:23:35 Entered AppendTCPInfo()
2025/11/25 01:23:35 ---append JSON to Redis DB: 0.018 ms
2025/11/25 01:23:35 ---trim Redis DB: 0.016 ms
2025/11/25 01:23:35 ---set expiration of list: 0.017 ms
2025/11/25 01:23:35 Entered AppendTCPInfo()
2025/11/25 01:23:35 ---append JSON to Redis DB: 0.018 ms
2025/11/25 01:23:35 ---trim Redis DB: 0.017 ms
2025/11/25 01:23:35 ---set expiration of list: 0.016 ms
2025/11/25 01:23:35 Entered AppendTCPInfo()
2025/11/25 01:23:35 ---append JSON to Redis DB: 0.017 ms
2025/11/25 01:23:35 ---trim Redis DB: 0.018 ms
2025/11/25 01:23:35 ---set expiration of list: 0.017 ms
2025/11/25 01:23:35 Entered AppendTCPInfo()
2025/11/25 01:23:35 ---append JSON to Redis DB: 0.017 ms
2025/11/25 01:23:35 ---trim Redis DB: 0.016 ms
2025/11/25 01:23:35 ---set expiration of list: 0.016 ms
2025/11/25 01:23:35 Entered AppendTCPInfo()
2025/11/25 01:23:35 ---append JSON to Redis DB: 0.018 ms
2025/11/25 01:23:35 ---trim Redis DB: 0.017 ms
2025/11/25 01:23:35 ---set expiration of list: 0.017 ms
2025/11/25 01:23:35 Entered AppendTCPInfo()
2025/11/25 01:23:35 ---append JSON to Redis DB: 0.017 ms
2025/11/25 01:23:35 ---trim Redis DB: 0.017 ms
2025/11/25 01:23:35 ---set expiration of list: 0.016 ms
2025/11/25 01:23:35 Entered AppendTCPInfo()
2025/11/25 01:23:35 ---append JSON to Redis DB: 0.018 ms
2025/11/25 01:23:35 ---trim Redis DB: 0.017 ms
2025/11/25 01:23:35 ---set expiration of list: 0.016 ms
2025/11/25 01:23:35 Entered AppendTCPInfo()
2025/11/25 01:23:35 ---append JSON to Redis DB: 0.027 ms
2025/11/25 01:23:35 ---trim Redis DB: 0.022 ms
2025/11/25 01:23:35 ---set expiration of list: 0.020 ms
2025/11/25 01:23:35 Entered AppendTCPInfo()
2025/11/25 01:23:35 ---append JSON to Redis DB: 0.022 ms
2025/11/25 01:23:35 ---trim Redis DB: 0.020 ms
2025/11/25 01:23:35 ---set expiration of list: 0.019 ms
2025/11/25 01:23:35 Entered AppendTCPInfo()
2025/11/25 01:23:35 ---append JSON to Redis DB: 0.017 ms
2025/11/25 01:23:35 ---trim Redis DB: 0.016 ms
2025/11/25 01:23:35 ---set expiration of list: 0.016 ms
2025/11/25 01:23:35 Entered AppendTCPInfo()
2025/11/25 01:23:35 ---append JSON to Redis DB: 0.018 ms
2025/11/25 01:23:35 ---trim Redis DB: 0.017 ms
2025/11/25 01:23:35 ---set expiration of list: 0.016 ms
2025/11/25 01:23:35 Entered AppendTCPInfo()
2025/11/25 01:23:35 ---append JSON to Redis DB: 0.019 ms
2025/11/25 01:23:35 ---trim Redis DB: 0.017 ms
2025/11/25 01:23:35 ---set expiration of list: 0.017 ms
2025/11/25 01:23:35 Entered AppendTCPInfo()
2025/11/25 01:23:35 ---append JSON to Redis DB: 0.017 ms
2025/11/25 01:23:35 ---trim Redis DB: 0.017 ms
2025/11/25 01:23:35 ---set expiration of list: 0.016 ms
2025/11/25 01:23:35 Entered AppendTCPInfo()
2025/11/25 01:23:35 ---append JSON to Redis DB: 0.017 ms
2025/11/25 01:23:35 ---trim Redis DB: 0.016 ms
2025/11/25 01:23:35 ---set expiration of list: 0.016 ms
2025/11/25 01:23:35 Entered AppendTCPInfo()
2025/11/25 01:23:35 ---append JSON to Redis DB: 0.017 ms
2025/11/25 01:23:35 ---trim Redis DB: 0.020 ms
2025/11/25 01:23:35 ---set expiration of list: 0.016 ms
2025/11/25 01:23:35 Entered AppendTCPInfo()
2025/11/25 01:23:35 ---append JSON to Redis DB: 0.018 ms
2025/11/25 01:23:35 ---trim Redis DB: 0.017 ms
2025/11/25 01:23:35 ---set expiration of list: 0.016 ms
2025/11/25 01:23:35 Entered AppendTCPInfo()
2025/11/25 01:23:35 ---append JSON to Redis DB: 0.017 ms
2025/11/25 01:23:35 ---trim Redis DB: 0.016 ms
2025/11/25 01:23:35 ---set expiration of list: 0.016 ms
2025/11/25 01:23:35 Entered AppendTCPInfo()
2025/11/25 01:23:35 ---append JSON to Redis DB: 0.244 ms
2025/11/25 01:23:35 ---trim Redis DB: 0.142 ms
2025/11/25 01:23:35 ---set expiration of list: 0.037 ms
2025/11/25 01:23:35 Entered AppendTCPInfo()
2025/11/25 01:23:35 ---append JSON to Redis DB: 0.170 ms
2025/11/25 01:23:35 ---trim Redis DB: 0.019 ms
2025/11/25 01:23:35 ---set expiration of list: 0.022 ms
